date,region,cases
2020-01-01,Region_1,14
2020-01-02,Region_1,27
2020-01-03,Region_1,25
2020-01-04,Region_1,35
2020-01-05,Region_1,28
2020-01-06,Region_1,18
2020-01-07,Region_1,27
2020-01-08,Region_1,23
2020-01-09,Region_1,23
2020-01-10,Region_1,27
2020-01-11,Region_1,32
2020-01-12,Region_1,36
2020-01-13,Region_1,29
2020-01-14,Region_1,39
2020-01-15,Region_1,32
2020-01-16,Region_1,29
2020-01-17,Region_1,38
2020-01-18,Region_1,36
2020-01-19,Region_1,26
2020-01-20,Region_1,28
2020-01-21,Region_1,43
2020-01-22,Region_1,30
2020-01-23,Region_1,47
2020-01-24,Region_1,44
2020-01-25,Region_1,45
2020-01-26,Region_1,37
2020-01-27,Region_1,40
2020-01-28,Region_1,32
2020-01-29,Region_1,46
2020-01-30,Region_1,41
2020-01-31,Region_1,39
2020-02-01,Region_1,43
2020-02-02,Region_1,44
2020-02-03,Region_1,38
2020-02-04,Region_1,32
2020-02-05,Region_1,44
2020-02-06,Region_1,40
2020-02-07,Region_1,45
2020-02-08,Region_1,44
2020-02-09,Region_1,37
2020-02-10,Region_1,55
2020-02-11,Region_1,55
2020-02-12,Region_1,41
2020-02-13,Region_1,50
2020-02-14,Region_1,49
2020-02-15,Region_1,52
2020-02-16,Region_1,38
2020-02-17,Region_1,49
2020-02-18,Region_1,52
2020-02-19,Region_1,47
2020-02-20,Region_1,55
2020-02-21,Region_1,56
2020-02-22,Region_1,51
2020-02-23,Region_1,44
2020-02-24,Region_1,54
2020-02-25,Region_1,56
2020-02-26,Region_1,57
2020-02-27,Region_1,55
2020-02-28,Region_1,53
2020-02-29,Region_1,48
2020-03-01,Region_1,53
2020-03-02,Region_1,53
2020-03-03,Region_1,52
2020-03-04,Region_1,69
2020-03-05,Region_1,65
2020-03-06,Region_1,68
2020-03-07,Region_1,56
2020-03-08,Region_1,63
2020-03-09,Region_1,53
2020-03-10,Region_1,58
2020-03-11,Region_1,52
2020-03-12,Region_1,62
2020-03-13,Region_1,57
2020-03-14,Region_1,71
2020-03-15,Region_1,58
2020-03-16,Region_1,64
2020-03-17,Region_1,104
2020-03-18,Region_1,125
2020-03-19,Region_1,155
2020-03-20,Region_1,150
2020-03-21,Region_1,155
2020-03-22,Region_1,190
2020-03-23,Region_1,206
2020-03-24,Region_1,215
2020-03-25,Region_1,223
2020-03-26,Region_1,230
2020-03-27,Region_1,220
2020-03-28,Region_1,202
2020-03-29,Region_1,192
2020-03-30,Region_1,182
2020-03-31,Region_1,171
2020-04-01,Region_1,163
2020-04-02,Region_1,186
2020-04-03,Region_1,144
2020-04-04,Region_1,101
2020-04-05,Region_1,94
2020-04-06,Region_1,100
2020-04-07,Region_1,82
2020-04-08,Region_1,88
2020-04-09,Region_1,62
2020-04-10,Region_1,55
2020-04-11,Region_1,66
2020-04-12,Region_1,68
2020-04-13,Region_1,61
2020-04-14,Region_1,61
2020-04-15,Region_1,70
2020-04-16,Region_1,68
2020-04-17,Region_1,66
2020-04-18,Region_1,70
2020-04-19,Region_1,62
2020-04-20,Region_1,68
2020-04-21,Region_1,79
2020-04-22,Region_1,60
2020-04-23,Region_1,61
2020-04-24,Region_1,63
2020-04-25,Region_1,79
2020-04-26,Region_1,83
2020-04-27,Region_1,79
2020-04-28,Region_1,69
2020-04-29,Region_1,61
2020-04-30,Region_1,51
2020-05-01,Region_1,68
2020-05-02,Region_1,66
2020-05-03,Region_1,57
2020-05-04,Region_1,75
2020-05-05,Region_1,61
2020-05-06,Region_1,60
2020-05-07,Region_1,66
2020-05-08,Region_1,68
2020-05-09,Region_1,61
2020-05-10,Region_1,74
2020-05-11,Region_1,67
2020-05-12,Region_1,54
2020-05-13,Region_1,61
2020-05-14,Region_1,66
2020-05-15,Region_1,58
2020-05-16,Region_1,58
2020-05-17,Region_1,56
2020-05-18,Region_1,72
2020-05-19,Region_1,72
2020-05-20,Region_1,67
2020-05-21,Region_1,65
2020-05-22,Region_1,69
2020-05-23,Region_1,63
2020-05-24,Region_1,69
2020-05-25,Region_1,69
2020-05-26,Region_1,60
2020-05-27,Region_1,58
2020-05-28,Region_1,66
2020-05-29,Region_1,56
2020-05-30,Region_1,56
2020-05-31,Region_1,50
2020-06-01,Region_1,47
2020-06-02,Region_1,54
2020-06-03,Region_1,63
2020-06-04,Region_1,60
2020-06-05,Region_1,49
2020-06-06,Region_1,59
2020-06-07,Region_1,54
2020-06-08,Region_1,49
2020-06-09,Region_1,60
2020-06-10,Region_1,63
2020-06-11,Region_1,57
2020-06-12,Region_1,53
2020-06-13,Region_1,54
2020-06-14,Region_1,62
2020-06-15,Region_1,53
2020-06-16,Region_1,51
2020-06-17,Region_1,57
2020-06-18,Region_1,53
2020-06-19,Region_1,59
2020-06-20,Region_1,47
2020-06-21,Region_1,53
2020-06-22,Region_1,51
2020-06-23,Region_1,59
2020-06-24,Region_1,53
2020-06-25,Region_1,59
2020-06-26,Region_1,45
2020-06-27,Region_1,48
2020-06-28,Region_1,45
2020-06-29,Region_1,53
2020-06-30,Region_1,39
2020-07-01,Region_1,50
2020-07-02,Region_1,59
2020-07-03,Region_1,46
2020-07-04,Region_1,52
2020-07-05,Region_1,45
2020-07-06,Region_1,45
2020-07-07,Region_1,54
2020-07-08,Region_1,50
2020-07-09,Region_1,38
2020-07-10,Region_1,45
2020-07-11,Region_1,41
2020-07-12,Region_1,45
2020-07-13,Region_1,42
2020-07-14,Region_1,35
2020-07-15,Region_1,43
2020-07-16,Region_1,37
2020-07-17,Region_1,46
2020-07-18,Region_1,41
2020-07-19,Region_1,45
2020-07-20,Region_1,35
2020-07-21,Region_1,47
2020-07-22,Region_1,48
2020-07-23,Region_1,32
2020-07-24,Region_1,41
2020-07-25,Region_1,42
2020-07-26,Region_1,42
2020-07-27,Region_1,34
2020-07-28,Region_1,46
2020-07-29,Region_1,40
2020-07-30,Region_1,36
2020-07-31,Region_1,37
2020-08-01,Region_1,36
2020-08-02,Region_1,46
2020-08-03,Region_1,35
2020-08-04,Region_1,40
2020-08-05,Region_1,36
2020-08-06,Region_1,33
2020-08-07,Region_1,34
2020-08-08,Region_1,28
2020-08-09,Region_1,40
2020-08-10,Region_1,31
2020-08-11,Region_1,32
2020-08-12,Region_1,31
2020-08-13,Region_1,39
2020-08-14,Region_1,33
2020-08-15,Region_1,21
2020-08-16,Region_1,30
2020-08-17,Region_1,26
2020-08-18,Region_1,38
2020-08-19,Region_1,33
2020-08-20,Region_1,31
2020-08-21,Region_1,30
2020-08-22,Region_1,36
2020-08-23,Region_1,34
2020-08-24,Region_1,20
2020-08-25,Region_1,32
2020-08-26,Region_1,36
2020-08-27,Region_1,31
2020-08-28,Region_1,38
2020-08-29,Region_1,28
2020-08-30,Region_1,21
2020-08-31,Region_1,31
2020-09-01,Region_1,31
2020-09-02,Region_1,28
2020-09-03,Region_1,31
2020-09-04,Region_1,38
2020-09-05,Region_1,42
2020-09-06,Region_1,33
2020-09-07,Region_1,25
2020-09-08,Region_1,20
2020-09-09,Region_1,29
2020-09-10,Region_1,33
2020-09-11,Region_1,29
2020-09-12,Region_1,33
2020-09-13,Region_1,29
2020-09-14,Region_1,25
2020-09-15,Region_1,34
2020-09-16,Region_1,23
2020-09-17,Region_1,30
2020-09-18,Region_1,32
2020-09-19,Region_1,41
2020-09-20,Region_1,38
2020-09-21,Region_1,28
2020-09-22,Region_1,41
2020-09-23,Region_1,30
2020-09-24,Region_1,32
2020-09-25,Region_1,29
2020-09-26,Region_1,31
2020-09-27,Region_1,31
2020-09-28,Region_1,29
2020-09-29,Region_1,28
2020-09-30,Region_1,29
2020-10-01,Region_1,31
2020-10-02,Region_1,29
2020-10-03,Region_1,37
2020-10-04,Region_1,28
2020-10-05,Region_1,39
2020-10-06,Region_1,27
2020-10-07,Region_1,40
2020-10-08,Region_1,36
2020-10-09,Region_1,40
2020-10-10,Region_1,28
2020-10-11,Region_1,39
2020-10-12,Region_1,34
2020-10-13,Region_1,28
2020-10-14,Region_1,41
2020-10-15,Region_1,38
2020-10-16,Region_1,31
2020-10-17,Region_1,39
2020-10-18,Region_1,40
2020-10-19,Region_1,29
2020-10-20,Region_1,33
2020-10-21,Region_1,38
2020-10-22,Region_1,37
2020-10-23,Region_1,31
2020-10-24,Region_1,40
2020-10-25,Region_1,34
2020-10-26,Region_1,37
2020-10-27,Region_1,29
2020-10-28,Region_1,34
2020-10-29,Region_1,35
2020-10-30,Region_1,46
2020-10-31,Region_1,33
2020-11-01,Region_1,36
2020-11-02,Region_1,42
2020-11-03,Region_1,45
2020-11-04,Region_1,42
2020-11-05,Region_1,45
2020-11-06,Region_1,39
2020-11-07,Region_1,47
2020-11-08,Region_1,42
2020-11-09,Region_1,46
2020-11-10,Region_1,40
2020-11-11,Region_1,44
2020-11-12,Region_1,44
2020-11-13,Region_1,47
2020-11-14,Region_1,50
2020-11-15,Region_1,43
2020-11-16,Region_1,39
2020-11-17,Region_1,52
2020-11-18,Region_1,42
2020-11-19,Region_1,46
2020-11-20,Region_1,57
2020-11-21,Region_1,49
2020-11-22,Region_1,48
2020-11-23,Region_1,41
2020-11-24,Region_1,53
2020-11-25,Region_1,51
2020-11-26,Region_1,52
2020-11-27,Region_1,45
2020-11-28,Region_1,54
2020-11-29,Region_1,52
2020-11-30,Region_1,49
2020-12-01,Region_1,52
2020-12-02,Region_1,66
2020-12-03,Region_1,50
2020-12-04,Region_1,62
2020-12-05,Region_1,60
2020-12-06,Region_1,71
2020-12-07,Region_1,52
2020-12-08,Region_1,54
2020-12-09,Region_1,60
2020-12-10,Region_1,56
2020-12-11,Region_1,56
2020-12-12,Region_1,60
2020-12-13,Region_1,52
2020-12-14,Region_1,70
2020-12-15,Region_1,69
2020-12-16,Region_1,68
2020-12-17,Region_1,70
2020-12-18,Region_1,74
2020-12-19,Region_1,70
2020-12-20,Region_1,65
2020-12-21,Region_1,66
2020-12-22,Region_1,65
2020-12-23,Region_1,71
2020-12-24,Region_1,76
2020-12-25,Region_1,77
2020-12-26,Region_1,61
2020-12-27,Region_1,61
2020-12-28,Region_1,82
2020-12-29,Region_1,70
2020-12-30,Region_1,76
2020-12-31,Region_1,64
2021-01-01,Region_1,68
2021-01-02,Region_1,95
2021-01-03,Region_1,81
2021-01-04,Region_1,79
2021-01-05,Region_1,81
2021-01-06,Region_1,71
2021-01-07,Region_1,78
2021-01-08,Region_1,67
2021-01-09,Region_1,76
2021-01-10,Region_1,85
2021-01-11,Region_1,76
2021-01-12,Region_1,93
2021-01-13,Region_1,78
2021-01-14,Region_1,81
2021-01-15,Region_1,85
2021-01-16,Region_1,76
2021-01-17,Region_1,95
2021-01-18,Region_1,87
2021-01-19,Region_1,91
2021-01-20,Region_1,83
2021-01-21,Region_1,92
2021-01-22,Region_1,92
2021-01-23,Region_1,82
2021-01-24,Region_1,88
2021-01-25,Region_1,94
2021-01-26,Region_1,96
2021-01-27,Region_1,85
2021-01-28,Region_1,95
2021-01-29,Region_1,91
2021-01-30,Region_1,88
2021-01-31,Region_1,99
2021-02-01,Region_1,105
2021-02-02,Region_1,97
2021-02-03,Region_1,101
2021-02-04,Region_1,95
2021-02-05,Region_1,92
2021-02-06,Region_1,94
2021-02-07,Region_1,93
2021-02-08,Region_1,109
2021-02-09,Region_1,90
2021-02-10,Region_1,109
2021-02-11,Region_1,101
2021-02-12,Region_1,96
2021-02-13,Region_1,99
2021-02-14,Region_1,106
2021-02-15,Region_1,98
2021-02-16,Region_1,95
2021-02-17,Region_1,100
2021-02-18,Region_1,112
2021-02-19,Region_1,103
2021-02-20,Region_1,110
2021-02-21,Region_1,104
2021-02-22,Region_1,112
2021-02-23,Region_1,98
2021-02-24,Region_1,96
2021-02-25,Region_1,86
2021-02-26,Region_1,113
2021-02-27,Region_1,101
2021-02-28,Region_1,102
2021-03-01,Region_1,81
2021-03-02,Region_1,103
2021-03-03,Region_1,126
2021-03-04,Region_1,106
2021-03-05,Region_1,111
2021-03-06,Region_1,92
2021-03-07,Region_1,142
2021-03-08,Region_1,119
2021-03-09,Region_1,115
2021-03-10,Region_1,113
2021-03-11,Region_1,101
2021-03-12,Region_1,116
2021-03-13,Region_1,117
2021-03-14,Region_1,94
2021-03-15,Region_1,128
2021-03-16,Region_1,141
2021-03-17,Region_1,119
2021-03-18,Region_1,96
2021-03-19,Region_1,123
2021-03-20,Region_1,109
2021-03-21,Region_1,100
2021-03-22,Region_1,111
2021-03-23,Region_1,122
2021-03-24,Region_1,112
2021-03-25,Region_1,126
2021-03-26,Region_1,129
2021-03-27,Region_1,136
2021-03-28,Region_1,162
2021-03-29,Region_1,139
2021-03-30,Region_1,161
2021-03-31,Region_1,169
2021-04-01,Region_1,182
2021-04-02,Region_1,205
2021-04-03,Region_1,231
2021-04-04,Region_1,219
2021-04-05,Region_1,221
2021-04-06,Region_1,210
2021-04-07,Region_1,204
2021-04-08,Region_1,168
2021-04-09,Region_1,170
2021-04-10,Region_1,180
2021-04-11,Region_1,160
2021-04-12,Region_1,175
2021-04-13,Region_1,151
2021-04-14,Region_1,146
2021-04-15,Region_1,155
2021-04-16,Region_1,138
2021-04-17,Region_1,121
2021-04-18,Region_1,136
2021-04-19,Region_1,128
2021-04-20,Region_1,135
2021-04-21,Region_1,111
2021-04-22,Region_1,131
2021-04-23,Region_1,130
2021-04-24,Region_1,119
2021-04-25,Region_1,121
2021-04-26,Region_1,114
2021-04-27,Region_1,112
2021-04-28,Region_1,119
2021-04-29,Region_1,126
2021-04-30,Region_1,118
2021-05-01,Region_1,134
2021-05-02,Region_1,103
2021-05-03,Region_1,97
2021-05-04,Region_1,119
2021-05-05,Region_1,123
2021-05-06,Region_1,120
2021-05-07,Region_1,109
2021-05-08,Region_1,119
2021-05-09,Region_1,130
2021-05-10,Region_1,106
2021-05-11,Region_1,110
2021-05-12,Region_1,130
2021-05-13,Region_1,107
2021-05-14,Region_1,119
2021-05-15,Region_1,103
2021-05-16,Region_1,118
2021-05-17,Region_1,126
2021-05-18,Region_1,116
2021-05-19,Region_1,111
2021-05-20,Region_1,91
2021-05-21,Region_1,117
2021-05-22,Region_1,101
2021-05-23,Region_1,110
2021-05-24,Region_1,112
2021-05-25,Region_1,99
2021-05-26,Region_1,113
2021-05-27,Region_1,114
2021-05-28,Region_1,109
2021-05-29,Region_1,118
2021-05-30,Region_1,90
2021-05-31,Region_1,106
2021-06-01,Region_1,118
2021-06-02,Region_1,129
2021-06-03,Region_1,94
2021-06-04,Region_1,98
2021-06-05,Region_1,102
2021-06-06,Region_1,115
2021-06-07,Region_1,117
2021-06-08,Region_1,93
2021-06-09,Region_1,106
2021-06-10,Region_1,125
2021-06-11,Region_1,107
2021-06-12,Region_1,124
2021-06-13,Region_1,113
2021-06-14,Region_1,108
2021-06-15,Region_1,96
2021-06-16,Region_1,97
2021-06-17,Region_1,104
2021-06-18,Region_1,100
2021-06-19,Region_1,110
2021-06-20,Region_1,89
2021-06-21,Region_1,110
2021-06-22,Region_1,111
2021-06-23,Region_1,106
2021-06-24,Region_1,82
2021-06-25,Region_1,114
2021-06-26,Region_1,95
2021-06-27,Region_1,99
2021-06-28,Region_1,107
2021-06-29,Region_1,113
2021-06-30,Region_1,90
2021-07-01,Region_1,105
2021-07-02,Region_1,95
2021-07-03,Region_1,94
2021-07-04,Region_1,74
2021-07-05,Region_1,94
2021-07-06,Region_1,103
2021-07-07,Region_1,103
2021-07-08,Region_1,101
2021-07-09,Region_1,95
2021-07-10,Region_1,90
2021-07-11,Region_1,107
2021-07-12,Region_1,108
2021-07-13,Region_1,104
2021-07-14,Region_1,101
2021-07-15,Region_1,101
2021-07-16,Region_1,101
2021-07-17,Region_1,103
2021-07-18,Region_1,99
2021-07-19,Region_1,103
2021-07-20,Region_1,97
2021-07-21,Region_1,94
2021-07-22,Region_1,83
2021-07-23,Region_1,105
2021-07-24,Region_1,104
2021-07-25,Region_1,93
2021-07-26,Region_1,90
2021-07-27,Region_1,83
2021-07-28,Region_1,107
2021-07-29,Region_1,91
2021-07-30,Region_1,99
2021-07-31,Region_1,93
2021-08-01,Region_1,97
2021-08-02,Region_1,75
2021-08-03,Region_1,82
2021-08-04,Region_1,76
2021-08-05,Region_1,91
2021-08-06,Region_1,99
2021-08-07,Region_1,94
2021-08-08,Region_1,98
2021-08-09,Region_1,96
2021-08-10,Region_1,91
2021-08-11,Region_1,90
2021-08-12,Region_1,102
2021-08-13,Region_1,102
2021-08-14,Region_1,68
2021-08-15,Region_1,80
2021-08-16,Region_1,75
2021-08-17,Region_1,94
2021-08-18,Region_1,87
2021-08-19,Region_1,93
2021-08-20,Region_1,70
2021-08-21,Region_1,93
2021-08-22,Region_1,68
2021-08-23,Region_1,97
2021-08-24,Region_1,89
2021-08-25,Region_1,84
2021-08-26,Region_1,85
2021-08-27,Region_1,79
2021-08-28,Region_1,97
2021-08-29,Region_1,75
2021-08-30,Region_1,80
2021-08-31,Region_1,74
2021-09-01,Region_1,87
2021-09-02,Region_1,84
2021-09-03,Region_1,92
2021-09-04,Region_1,76
2021-09-05,Region_1,81
2021-09-06,Region_1,78
2021-09-07,Region_1,100
2021-09-08,Region_1,89
2021-09-09,Region_1,79
2021-09-10,Region_1,84
2021-09-11,Region_1,75
2021-09-12,Region_1,68
2021-09-13,Region_1,83
2021-09-14,Region_1,74
2021-09-15,Region_1,70
2021-09-16,Region_1,90
2021-09-17,Region_1,69
2021-09-18,Region_1,88
2021-09-19,Region_1,74
2021-09-20,Region_1,73
2021-09-21,Region_1,75
2021-09-22,Region_1,89
2021-09-23,Region_1,90
2021-09-24,Region_1,67
2021-09-25,Region_1,83
2021-09-26,Region_1,75
2021-09-27,Region_1,82
2021-09-28,Region_1,81
2021-09-29,Region_1,81
2021-09-30,Region_1,86
2021-10-01,Region_1,72
2021-10-02,Region_1,96
2021-10-03,Region_1,67
2021-10-04,Region_1,74
2021-10-05,Region_1,98
2021-10-06,Region_1,97
2021-10-07,Region_1,97
2021-10-08,Region_1,77
2021-10-09,Region_1,96
2021-10-10,Region_1,78
2021-10-11,Region_1,89
2021-10-12,Region_1,88
2021-10-13,Region_1,100
2021-10-14,Region_1,91
2021-10-15,Region_1,95
2021-10-16,Region_1,91
2021-10-17,Region_1,83
2021-10-18,Region_1,73
2021-10-19,Region_1,118
2021-10-20,Region_1,143
2021-10-21,Region_1,196
2021-10-22,Region_1,202
2021-10-23,Region_1,254
2021-10-24,Region_1,242
2021-10-25,Region_1,213
2021-10-26,Region_1,222
2021-10-27,Region_1,202
2021-10-28,Region_1,151
2021-10-29,Region_1,161
2021-10-30,Region_1,148
2021-10-31,Region_1,143
2021-11-01,Region_1,88
2021-11-02,Region_1,107
2021-11-03,Region_1,91
2021-11-04,Region_1,85
2021-11-05,Region_1,77
2021-11-06,Region_1,97
2021-11-07,Region_1,96
2021-11-08,Region_1,99
2021-11-09,Region_1,84
2021-11-10,Region_1,108
2021-11-11,Region_1,108
2021-11-12,Region_1,98
2021-11-13,Region_1,102
2021-11-14,Region_1,95
2021-11-15,Region_1,108
2021-11-16,Region_1,89
2021-11-17,Region_1,116
2021-11-18,Region_1,90
2021-11-19,Region_1,87
2021-11-20,Region_1,92
2021-11-21,Region_1,106
2021-11-22,Region_1,108
2021-11-23,Region_1,95
2021-11-24,Region_1,75
2021-11-25,Region_1,108
2021-11-26,Region_1,111
2021-11-27,Region_1,100
2021-11-28,Region_1,117
2021-11-29,Region_1,99
2021-11-30,Region_1,111
2021-12-01,Region_1,107
2021-12-02,Region_1,124
2021-12-03,Region_1,109
2021-12-04,Region_1,104
2021-12-05,Region_1,87
2021-12-06,Region_1,108
2021-12-07,Region_1,114
2021-12-08,Region_1,122
2021-12-09,Region_1,110
2021-12-10,Region_1,101
2021-12-11,Region_1,123
2021-12-12,Region_1,90
2021-12-13,Region_1,93
2021-12-14,Region_1,115
2021-12-15,Region_1,120
2021-12-16,Region_1,137
2021-12-17,Region_1,114
2021-12-18,Region_1,111
2021-12-19,Region_1,120
2021-12-20,Region_1,116
2021-12-21,Region_1,116
2021-12-22,Region_1,143
2021-12-23,Region_1,125
2021-12-24,Region_1,123
2021-12-25,Region_1,111
2021-12-26,Region_1,111
2021-12-27,Region_1,119
2021-12-28,Region_1,131
2021-12-29,Region_1,97
2021-12-30,Region_1,137
2020-01-01,Region_2,51
2020-01-02,Region_2,44
2020-01-03,Region_2,34
2020-01-04,Region_2,39
2020-01-05,Region_2,53
2020-01-06,Region_2,54
2020-01-07,Region_2,56
2020-01-08,Region_2,55
2020-01-09,Region_2,57
2020-01-10,Region_2,44
2020-01-11,Region_2,68
2020-01-12,Region_2,72
2020-01-13,Region_2,64
2020-01-14,Region_2,72
2020-01-15,Region_2,74
2020-01-16,Region_2,66
2020-01-17,Region_2,76
2020-01-18,Region_2,63
2020-01-19,Region_2,70
2020-01-20,Region_2,77
2020-01-21,Region_2,73
2020-01-22,Region_2,81
2020-01-23,Region_2,88
2020-01-24,Region_2,71
2020-01-25,Region_2,82
2020-01-26,Region_2,79
2020-01-27,Region_2,87
2020-01-28,Region_2,104
2020-01-29,Region_2,117
2020-01-30,Region_2,91
2020-01-31,Region_2,98
2020-02-01,Region_2,96
2020-02-02,Region_2,87
2020-02-03,Region_2,115
2020-02-04,Region_2,109
2020-02-05,Region_2,97
2020-02-06,Region_2,96
2020-02-07,Region_2,102
2020-02-08,Region_2,108
2020-02-09,Region_2,108
2020-02-10,Region_2,118
2020-02-11,Region_2,100
2020-02-12,Region_2,111
2020-02-13,Region_2,109
2020-02-14,Region_2,93
2020-02-15,Region_2,119
2020-02-16,Region_2,110
2020-02-17,Region_2,117
2020-02-18,Region_2,112
2020-02-19,Region_2,116
2020-02-20,Region_2,114
2020-02-21,Region_2,119
2020-02-22,Region_2,107
2020-02-23,Region_2,122
2020-02-24,Region_2,159
2020-02-25,Region_2,140
2020-02-26,Region_2,124
2020-02-27,Region_2,136
2020-02-28,Region_2,147
2020-02-29,Region_2,125
2020-03-01,Region_2,126
2020-03-02,Region_2,140
2020-03-03,Region_2,115
2020-03-04,Region_2,126
2020-03-05,Region_2,148
2020-03-06,Region_2,111
2020-03-07,Region_2,119
2020-03-08,Region_2,121
2020-03-09,Region_2,144
2020-03-10,Region_2,147
2020-03-11,Region_2,115
2020-03-12,Region_2,121
2020-03-13,Region_2,116
2020-03-14,Region_2,162
2020-03-15,Region_2,124
2020-03-16,Region_2,127
2020-03-17,Region_2,105
2020-03-18,Region_2,134
2020-03-19,Region_2,131
2020-03-20,Region_2,130
2020-03-21,Region_2,141
2020-03-22,Region_2,149
2020-03-23,Region_2,126
2020-03-24,Region_2,150
2020-03-25,Region_2,159
2020-03-26,Region_2,142
2020-03-27,Region_2,141
2020-03-28,Region_2,145
2020-03-29,Region_2,170
2020-03-30,Region_2,140
2020-03-31,Region_2,158
2020-04-01,Region_2,154
2020-04-02,Region_2,149
2020-04-03,Region_2,138
2020-04-04,Region_2,148
2020-04-05,Region_2,148
2020-04-06,Region_2,154
2020-04-07,Region_2,179
2020-04-08,Region_2,183
2020-04-09,Region_2,204
2020-04-10,Region_2,222
2020-04-11,Region_2,224
2020-04-12,Region_2,182
2020-04-13,Region_2,236
2020-04-14,Region_2,228
2020-04-15,Region_2,245
2020-04-16,Region_2,202
2020-04-17,Region_2,192
2020-04-18,Region_2,233
2020-04-19,Region_2,224
2020-04-20,Region_2,244
2020-04-21,Region_2,204
2020-04-22,Region_2,236
2020-04-23,Region_2,270
2020-04-24,Region_2,297
2020-04-25,Region_2,280
2020-04-26,Region_2,219
2020-04-27,Region_2,208
2020-04-28,Region_2,250
2020-04-29,Region_2,221
2020-04-30,Region_2,209
2020-05-01,Region_2,198
2020-05-02,Region_2,147
2020-05-03,Region_2,163
2020-05-04,Region_2,135
2020-05-05,Region_2,131
2020-05-06,Region_2,152
2020-05-07,Region_2,142
2020-05-08,Region_2,127
2020-05-09,Region_2,124
2020-05-10,Region_2,132
2020-05-11,Region_2,134
2020-05-12,Region_2,109
2020-05-13,Region_2,110
2020-05-14,Region_2,131
2020-05-15,Region_2,127
2020-05-16,Region_2,131
2020-05-17,Region_2,119
2020-05-18,Region_2,136
2020-05-19,Region_2,121
2020-05-20,Region_2,101
2020-05-21,Region_2,122
2020-05-22,Region_2,116
2020-05-23,Region_2,98
2020-05-24,Region_2,116
2020-05-25,Region_2,112
2020-05-26,Region_2,119
2020-05-27,Region_2,118
2020-05-28,Region_2,109
2020-05-29,Region_2,98
2020-05-30,Region_2,114
2020-05-31,Region_2,90
2020-06-01,Region_2,91
2020-06-02,Region_2,107
2020-06-03,Region_2,102
2020-06-04,Region_2,98
2020-06-05,Region_2,88
2020-06-06,Region_2,105
2020-06-07,Region_2,98
2020-06-08,Region_2,92
2020-06-09,Region_2,98
2020-06-10,Region_2,91
2020-06-11,Region_2,89
2020-06-12,Region_2,88
2020-06-13,Region_2,96
2020-06-14,Region_2,101
2020-06-15,Region_2,89
2020-06-16,Region_2,84
2020-06-17,Region_2,69
2020-06-18,Region_2,72
2020-06-19,Region_2,76
2020-06-20,Region_2,67
2020-06-21,Region_2,76
2020-06-22,Region_2,77
2020-06-23,Region_2,74
2020-06-24,Region_2,64
2020-06-25,Region_2,66
2020-06-26,Region_2,72
2020-06-27,Region_2,71
2020-06-28,Region_2,59
2020-06-29,Region_2,69
2020-06-30,Region_2,60
2020-07-01,Region_2,56
2020-07-02,Region_2,61
2020-07-03,Region_2,48
2020-07-04,Region_2,54
2020-07-05,Region_2,57
2020-07-06,Region_2,53
2020-07-07,Region_2,39
2020-07-08,Region_2,44
2020-07-09,Region_2,40
2020-07-10,Region_2,41
2020-07-11,Region_2,51
2020-07-12,Region_2,38
2020-07-13,Region_2,38
2020-07-14,Region_2,41
2020-07-15,Region_2,40
2020-07-16,Region_2,41
2020-07-17,Region_2,34
2020-07-18,Region_2,39
2020-07-19,Region_2,33
2020-07-20,Region_2,27
2020-07-21,Region_2,16
2020-07-22,Region_2,32
2020-07-23,Region_2,25
2020-07-24,Region_2,34
2020-07-25,Region_2,21
2020-07-26,Region_2,10
2020-07-27,Region_2,22
2020-07-28,Region_2,17
2020-07-29,Region_2,19
2020-07-30,Region_2,5
2020-07-31,Region_2,12
2020-08-01,Region_2,17
2020-08-02,Region_2,6
2020-08-03,Region_2,7
2020-08-04,Region_2,5
2020-08-05,Region_2,6
2020-08-06,Region_2,4
2020-08-07,Region_2,5
2020-08-08,Region_2,0
2020-08-09,Region_2,0
2020-08-10,Region_2,0
2020-08-11,Region_2,0
2020-08-12,Region_2,0
2020-08-13,Region_2,0
2020-08-14,Region_2,0
2020-08-15,Region_2,0
2020-08-16,Region_2,0
2020-08-17,Region_2,0
2020-08-18,Region_2,0
2020-08-19,Region_2,0
2020-08-20,Region_2,0
2020-08-21,Region_2,0
2020-08-22,Region_2,0
2020-08-23,Region_2,0
2020-08-24,Region_2,0
2020-08-25,Region_2,0
2020-08-26,Region_2,0
2020-08-27,Region_2,0
2020-08-28,Region_2,0
2020-08-29,Region_2,0
2020-08-30,Region_2,0
2020-08-31,Region_2,0
2020-09-01,Region_2,0
2020-09-02,Region_2,0
2020-09-03,Region_2,0
2020-09-04,Region_2,0
2020-09-05,Region_2,0
2020-09-06,Region_2,0
2020-09-07,Region_2,0
2020-09-08,Region_2,0
2020-09-09,Region_2,0
2020-09-10,Region_2,0
2020-09-11,Region_2,0
2020-09-12,Region_2,0
2020-09-13,Region_2,0
2020-09-14,Region_2,0
2020-09-15,Region_2,0
2020-09-16,Region_2,0
2020-09-17,Region_2,0
2020-09-18,Region_2,0
2020-09-19,Region_2,0
2020-09-20,Region_2,0
2020-09-21,Region_2,0
2020-09-22,Region_2,0
2020-09-23,Region_2,0
2020-09-24,Region_2,0
2020-09-25,Region_2,0
2020-09-26,Region_2,0
2020-09-27,Region_2,0
2020-09-28,Region_2,0
2020-09-29,Region_2,0
2020-09-30,Region_2,0
2020-10-01,Region_2,0
2020-10-02,Region_2,0
2020-10-03,Region_2,0
2020-10-04,Region_2,0
2020-10-05,Region_2,0
2020-10-06,Region_2,0
2020-10-07,Region_2,0
2020-10-08,Region_2,0
2020-10-09,Region_2,0
2020-10-10,Region_2,0
2020-10-11,Region_2,0
2020-10-12,Region_2,0
2020-10-13,Region_2,0
2020-10-14,Region_2,0
2020-10-15,Region_2,0
2020-10-16,Region_2,0
2020-10-17,Region_2,0
2020-10-18,Region_2,0
2020-10-19,Region_2,0
2020-10-20,Region_2,0
2020-10-21,Region_2,0
2020-10-22,Region_2,0
2020-10-23,Region_2,0
2020-10-24,Region_2,0
2020-10-25,Region_2,0
2020-10-26,Region_2,0
2020-10-27,Region_2,0
2020-10-28,Region_2,0
2020-10-29,Region_2,0
2020-10-30,Region_2,0
2020-10-31,Region_2,0
2020-11-01,Region_2,0
2020-11-02,Region_2,0
2020-11-03,Region_2,0
2020-11-04,Region_2,0
2020-11-05,Region_2,0
2020-11-06,Region_2,0
2020-11-07,Region_2,0
2020-11-08,Region_2,0
2020-11-09,Region_2,0
2020-11-10,Region_2,0
2020-11-11,Region_2,0
2020-11-12,Region_2,7
2020-11-13,Region_2,2
2020-11-14,Region_2,8
2020-11-15,Region_2,3
2020-11-16,Region_2,8
2020-11-17,Region_2,10
2020-11-18,Region_2,3
2020-11-19,Region_2,1
2020-11-20,Region_2,15
2020-11-21,Region_2,8
2020-11-22,Region_2,15
2020-11-23,Region_2,13
2020-11-24,Region_2,21
2020-11-25,Region_2,14
2020-11-26,Region_2,19
2020-11-27,Region_2,22
2020-11-28,Region_2,18
2020-11-29,Region_2,32
2020-11-30,Region_2,28
2020-12-01,Region_2,29
2020-12-02,Region_2,23
2020-12-03,Region_2,30
2020-12-04,Region_2,40
2020-12-05,Region_2,41
2020-12-06,Region_2,29
2020-12-07,Region_2,35
2020-12-08,Region_2,35
2020-12-09,Region_2,46
2020-12-10,Region_2,46
2020-12-11,Region_2,44
2020-12-12,Region_2,38
2020-12-13,Region_2,39
2020-12-14,Region_2,48
2020-12-15,Region_2,57
2020-12-16,Region_2,55
2020-12-17,Region_2,54
2020-12-18,Region_2,58
2020-12-19,Region_2,53
2020-12-20,Region_2,59
2020-12-21,Region_2,49
2020-12-22,Region_2,53
2020-12-23,Region_2,57
2020-12-24,Region_2,59
2020-12-25,Region_2,75
2020-12-26,Region_2,70
2020-12-27,Region_2,55
2020-12-28,Region_2,72
2020-12-29,Region_2,71
2020-12-30,Region_2,86
2020-12-31,Region_2,70
2021-01-01,Region_2,82
2021-01-02,Region_2,75
2021-01-03,Region_2,83
2021-01-04,Region_2,86
2021-01-05,Region_2,84
2021-01-06,Region_2,84
2021-01-07,Region_2,78
2021-01-08,Region_2,86
2021-01-09,Region_2,101
2021-01-10,Region_2,86
2021-01-11,Region_2,87
2021-01-12,Region_2,106
2021-01-13,Region_2,93
2021-01-14,Region_2,94
2021-01-15,Region_2,104
2021-01-16,Region_2,101
2021-01-17,Region_2,106
2021-01-18,Region_2,82
2021-01-19,Region_2,118
2021-01-20,Region_2,111
2021-01-21,Region_2,90
2021-01-22,Region_2,102
2021-01-23,Region_2,127
2021-01-24,Region_2,121
2021-01-25,Region_2,118
2021-01-26,Region_2,150
2021-01-27,Region_2,118
2021-01-28,Region_2,125
2021-01-29,Region_2,115
2021-01-30,Region_2,130
2021-01-31,Region_2,132
2021-02-01,Region_2,124
2021-02-02,Region_2,136
2021-02-03,Region_2,140
2021-02-04,Region_2,151
2021-02-05,Region_2,158
2021-02-06,Region_2,161
2021-02-07,Region_2,125
2021-02-08,Region_2,146
2021-02-09,Region_2,132
2021-02-10,Region_2,130
2021-02-11,Region_2,177
2021-02-12,Region_2,136
2021-02-13,Region_2,148
2021-02-14,Region_2,129
2021-02-15,Region_2,143
2021-02-16,Region_2,155
2021-02-17,Region_2,162
2021-02-18,Region_2,139
2021-02-19,Region_2,174
2021-02-20,Region_2,123
2021-02-21,Region_2,164
2021-02-22,Region_2,180
2021-02-23,Region_2,149
2021-02-24,Region_2,176
2021-02-25,Region_2,145
2021-02-26,Region_2,146
2021-02-27,Region_2,161
2021-02-28,Region_2,178
2021-03-01,Region_2,137
2021-03-02,Region_2,170
2021-03-03,Region_2,201
2021-03-04,Region_2,189
2021-03-05,Region_2,169
2021-03-06,Region_2,157
2021-03-07,Region_2,163
2021-03-08,Region_2,194
2021-03-09,Region_2,158
2021-03-10,Region_2,178
2021-03-11,Region_2,168
2021-03-12,Region_2,157
2021-03-13,Region_2,182
2021-03-14,Region_2,184
2021-03-15,Region_2,195
2021-03-16,Region_2,183
2021-03-17,Region_2,222
2021-03-18,Region_2,189
2021-03-19,Region_2,165
2021-03-20,Region_2,180
2021-03-21,Region_2,166
2021-03-22,Region_2,178
2021-03-23,Region_2,181
2021-03-24,Region_2,159
2021-03-25,Region_2,198
2021-03-26,Region_2,222
2021-03-27,Region_2,231
2021-03-28,Region_2,223
2021-03-29,Region_2,230
2021-03-30,Region_2,282
2021-03-31,Region_2,236
2021-04-01,Region_2,254
2021-04-02,Region_2,293
2021-04-03,Region_2,305
2021-04-04,Region_2,235
2021-04-05,Region_2,247
2021-04-06,Region_2,252
2021-04-07,Region_2,229
2021-04-08,Region_2,269
2021-04-09,Region_2,227
2021-04-10,Region_2,227
2021-04-11,Region_2,255
2021-04-12,Region_2,247
2021-04-13,Region_2,205
2021-04-14,Region_2,209
2021-04-15,Region_2,239
2021-04-16,Region_2,232
2021-04-17,Region_2,223
2021-04-18,Region_2,176
2021-04-19,Region_2,171
2021-04-20,Region_2,213
2021-04-21,Region_2,204
2021-04-22,Region_2,170
2021-04-23,Region_2,172
2021-04-24,Region_2,189
2021-04-25,Region_2,173
2021-04-26,Region_2,179
2021-04-27,Region_2,136
2021-04-28,Region_2,206
2021-04-29,Region_2,179
2021-04-30,Region_2,186
2021-05-01,Region_2,122
2021-05-02,Region_2,180
2021-05-03,Region_2,167
2021-05-04,Region_2,179
2021-05-05,Region_2,174
2021-05-06,Region_2,169
2021-05-07,Region_2,163
2021-05-08,Region_2,153
2021-05-09,Region_2,183
2021-05-10,Region_2,181
2021-05-11,Region_2,179
2021-05-12,Region_2,145
2021-05-13,Region_2,145
2021-05-14,Region_2,150
2021-05-15,Region_2,159
2021-05-16,Region_2,189
2021-05-17,Region_2,171
2021-05-18,Region_2,141
2021-05-19,Region_2,189
2021-05-20,Region_2,156
2021-05-21,Region_2,129
2021-05-22,Region_2,162
2021-05-23,Region_2,133
2021-05-24,Region_2,152
2021-05-25,Region_2,161
2021-05-26,Region_2,159
2021-05-27,Region_2,143
2021-05-28,Region_2,155
2021-05-29,Region_2,136
2021-05-30,Region_2,140
2021-05-31,Region_2,139
2021-06-01,Region_2,119
2021-06-02,Region_2,149
2021-06-03,Region_2,144
2021-06-04,Region_2,153
2021-06-05,Region_2,153
2021-06-06,Region_2,142
2021-06-07,Region_2,139
2021-06-08,Region_2,130
2021-06-09,Region_2,114
2021-06-10,Region_2,137
2021-06-11,Region_2,142
2021-06-12,Region_2,128
2021-06-13,Region_2,107
2021-06-14,Region_2,131
2021-06-15,Region_2,141
2021-06-16,Region_2,132
2021-06-17,Region_2,125
2021-06-18,Region_2,108
2021-06-19,Region_2,126
2021-06-20,Region_2,122
2021-06-21,Region_2,126
2021-06-22,Region_2,117
2021-06-23,Region_2,96
2021-06-24,Region_2,111
2021-06-25,Region_2,102
2021-06-26,Region_2,100
2021-06-27,Region_2,108
2021-06-28,Region_2,109
2021-06-29,Region_2,104
2021-06-30,Region_2,119
2021-07-01,Region_2,86
2021-07-02,Region_2,82
2021-07-03,Region_2,97
2021-07-04,Region_2,109
2021-07-05,Region_2,82
2021-07-06,Region_2,81
2021-07-07,Region_2,98
2021-07-08,Region_2,80
2021-07-09,Region_2,89
2021-07-10,Region_2,75
2021-07-11,Region_2,71
2021-07-12,Region_2,67
2021-07-13,Region_2,77
2021-07-14,Region_2,66
2021-07-15,Region_2,67
2021-07-16,Region_2,74
2021-07-17,Region_2,66
2021-07-18,Region_2,67
2021-07-19,Region_2,77
2021-07-20,Region_2,64
2021-07-21,Region_2,55
2021-07-22,Region_2,69
2021-07-23,Region_2,64
2021-07-24,Region_2,56
2021-07-25,Region_2,58
2021-07-26,Region_2,50
2021-07-27,Region_2,58
2021-07-28,Region_2,56
2021-07-29,Region_2,54
2021-07-30,Region_2,52
2021-07-31,Region_2,56
2021-08-01,Region_2,52
2021-08-02,Region_2,62
2021-08-03,Region_2,44
2021-08-04,Region_2,45
2021-08-05,Region_2,39
2021-08-06,Region_2,45
2021-08-07,Region_2,38
2021-08-08,Region_2,40
2021-08-09,Region_2,36
2021-08-10,Region_2,33
2021-08-11,Region_2,33
2021-08-12,Region_2,33
2021-08-13,Region_2,32
2021-08-14,Region_2,34
2021-08-15,Region_2,35
2021-08-16,Region_2,24
2021-08-17,Region_2,29
2021-08-18,Region_2,17
2021-08-19,Region_2,26
2021-08-20,Region_2,36
2021-08-21,Region_2,26
2021-08-22,Region_2,20
2021-08-23,Region_2,28
2021-08-24,Region_2,19
2021-08-25,Region_2,14
2021-08-26,Region_2,15
2021-08-27,Region_2,25
2021-08-28,Region_2,17
2021-08-29,Region_2,18
2021-08-30,Region_2,18
2021-08-31,Region_2,10
2021-09-01,Region_2,15
2021-09-02,Region_2,20
2021-09-03,Region_2,16
2021-09-04,Region_2,15
2021-09-05,Region_2,13
2021-09-06,Region_2,8
2021-09-07,Region_2,10
2021-09-08,Region_2,0
2021-09-09,Region_2,12
2021-09-10,Region_2,0
2021-09-11,Region_2,4
2021-09-12,Region_2,20
2021-09-13,Region_2,8
2021-09-14,Region_2,5
2021-09-15,Region_2,5
2021-09-16,Region_2,0
2021-09-17,Region_2,11
2021-09-18,Region_2,9
2021-09-19,Region_2,5
2021-09-20,Region_2,0
2021-09-21,Region_2,3
2021-09-22,Region_2,4
2021-09-23,Region_2,5
2021-09-24,Region_2,1
2021-09-25,Region_2,9
2021-09-26,Region_2,6
2021-09-27,Region_2,10
2021-09-28,Region_2,5
2021-09-29,Region_2,9
2021-09-30,Region_2,4
2021-10-01,Region_2,4
2021-10-02,Region_2,3
2021-10-03,Region_2,1
2021-10-04,Region_2,8
2021-10-05,Region_2,0
2021-10-06,Region_2,10
2021-10-07,Region_2,12
2021-10-08,Region_2,11
2021-10-09,Region_2,9
2021-10-10,Region_2,2
2021-10-11,Region_2,12
2021-10-12,Region_2,8
2021-10-13,Region_2,2
2021-10-14,Region_2,1
2021-10-15,Region_2,17
2021-10-16,Region_2,19
2021-10-17,Region_2,8
2021-10-18,Region_2,7
2021-10-19,Region_2,9
2021-10-20,Region_2,21
2021-10-21,Region_2,20
2021-10-22,Region_2,12
2021-10-23,Region_2,19
2021-10-24,Region_2,14
2021-10-25,Region_2,5
2021-10-26,Region_2,22
2021-10-27,Region_2,8
2021-10-28,Region_2,17
2021-10-29,Region_2,18
2021-10-30,Region_2,13
2021-10-31,Region_2,27
2021-11-01,Region_2,24
2021-11-02,Region_2,20
2021-11-03,Region_2,20
2021-11-04,Region_2,21
2021-11-05,Region_2,28
2021-11-06,Region_2,31
2021-11-07,Region_2,29
2021-11-08,Region_2,31
2021-11-09,Region_2,31
2021-11-10,Region_2,31
2021-11-11,Region_2,29
2021-11-12,Region_2,41
2021-11-13,Region_2,41
2021-11-14,Region_2,33
2021-11-15,Region_2,44
2021-11-16,Region_2,39
2021-11-17,Region_2,38
2021-11-18,Region_2,48
2021-11-19,Region_2,30
2021-11-20,Region_2,44
2021-11-21,Region_2,45
2021-11-22,Region_2,42
2021-11-23,Region_2,50
2021-11-24,Region_2,48
2021-11-25,Region_2,55
2021-11-26,Region_2,46
2021-11-27,Region_2,58
2021-11-28,Region_2,63
2021-11-29,Region_2,58
2021-11-30,Region_2,67
2021-12-01,Region_2,63
2021-12-02,Region_2,57
2021-12-03,Region_2,73
2021-12-04,Region_2,62
2021-12-05,Region_2,68
2021-12-06,Region_2,71
2021-12-07,Region_2,65
2021-12-08,Region_2,69
2021-12-09,Region_2,87
2021-12-10,Region_2,72
2021-12-11,Region_2,69
2021-12-12,Region_2,77
2021-12-13,Region_2,69
2021-12-14,Region_2,83
2021-12-15,Region_2,77
2021-12-16,Region_2,84
2021-12-17,Region_2,106
2021-12-18,Region_2,84
2021-12-19,Region_2,101
2021-12-20,Region_2,92
2021-12-21,Region_2,97
2021-12-22,Region_2,70
2021-12-23,Region_2,107
2021-12-24,Region_2,105
2021-12-25,Region_2,87
2021-12-26,Region_2,106
2021-12-27,Region_2,113
2021-12-28,Region_2,110
2021-12-29,Region_2,103
2021-12-30,Region_2,122
2020-01-01,Region_3,27
2020-01-02,Region_3,19
2020-01-03,Region_3,33
2020-01-04,Region_3,31
2020-01-05,Region_3,31
2020-01-06,Region_3,27
2020-01-07,Region_3,34
2020-01-08,Region_3,37
2020-01-09,Region_3,34
2020-01-10,Region_3,30
2020-01-11,Region_3,37
2020-01-12,Region_3,37
2020-01-13,Region_3,44
2020-01-14,Region_3,51
2020-01-15,Region_3,42
2020-01-16,Region_3,50
2020-01-17,Region_3,46
2020-01-18,Region_3,48
2020-01-19,Region_3,49
2020-01-20,Region_3,55
2020-01-21,Region_3,57
2020-01-22,Region_3,54
2020-01-23,Region_3,54
2020-01-24,Region_3,50
2020-01-25,Region_3,61
2020-01-26,Region_3,49
2020-01-27,Region_3,57
2020-01-28,Region_3,61
2020-01-29,Region_3,56
2020-01-30,Region_3,73
2020-01-31,Region_3,63
2020-02-01,Region_3,72
2020-02-02,Region_3,67
2020-02-03,Region_3,70
2020-02-04,Region_3,75
2020-02-05,Region_3,71
2020-02-06,Region_3,77
2020-02-07,Region_3,81
2020-02-08,Region_3,69
2020-02-09,Region_3,78
2020-02-10,Region_3,83
2020-02-11,Region_3,79
2020-02-12,Region_3,72
2020-02-13,Region_3,79
2020-02-14,Region_3,71
2020-02-15,Region_3,80
2020-02-16,Region_3,73
2020-02-17,Region_3,75
2020-02-18,Region_3,74
2020-02-19,Region_3,92
2020-02-20,Region_3,85
2020-02-21,Region_3,78
2020-02-22,Region_3,87
2020-02-23,Region_3,84
2020-02-24,Region_3,81
2020-02-25,Region_3,90
2020-02-26,Region_3,94
2020-02-27,Region_3,93
2020-02-28,Region_3,107
2020-02-29,Region_3,79
2020-03-01,Region_3,84
2020-03-02,Region_3,94
2020-03-03,Region_3,86
2020-03-04,Region_3,97
2020-03-05,Region_3,90
2020-03-06,Region_3,114
2020-03-07,Region_3,90
2020-03-08,Region_3,80
2020-03-09,Region_3,80
2020-03-10,Region_3,80
2020-03-11,Region_3,125
2020-03-12,Region_3,95
2020-03-13,Region_3,85
2020-03-14,Region_3,85
2020-03-15,Region_3,103
2020-03-16,Region_3,95
2020-03-17,Region_3,85
2020-03-18,Region_3,101
2020-03-19,Region_3,77
2020-03-20,Region_3,99
2020-03-21,Region_3,110
2020-03-22,Region_3,92
2020-03-23,Region_3,96
2020-03-24,Region_3,125
2020-03-25,Region_3,126
2020-03-26,Region_3,88
2020-03-27,Region_3,113
2020-03-28,Region_3,91
2020-03-29,Region_3,98
2020-03-30,Region_3,115
2020-03-31,Region_3,85
2020-04-01,Region_3,123
2020-04-02,Region_3,93
2020-04-03,Region_3,96
2020-04-04,Region_3,103
2020-04-05,Region_3,103
2020-04-06,Region_3,106
2020-04-07,Region_3,102
2020-04-08,Region_3,85
2020-04-09,Region_3,129
2020-04-10,Region_3,91
2020-04-11,Region_3,96
2020-04-12,Region_3,85
2020-04-13,Region_3,96
2020-04-14,Region_3,121
2020-04-15,Region_3,90
2020-04-16,Region_3,94
2020-04-17,Region_3,100
2020-04-18,Region_3,107
2020-04-19,Region_3,102
2020-04-20,Region_3,96
2020-04-21,Region_3,84
2020-04-22,Region_3,100
2020-04-23,Region_3,90
2020-04-24,Region_3,103
2020-04-25,Region_3,98
2020-04-26,Region_3,91
2020-04-27,Region_3,89
2020-04-28,Region_3,87
2020-04-29,Region_3,79
2020-04-30,Region_3,69
2020-05-01,Region_3,114
2020-05-02,Region_3,104
2020-05-03,Region_3,90
2020-05-04,Region_3,84
2020-05-05,Region_3,96
2020-05-06,Region_3,99
2020-05-07,Region_3,92
2020-05-08,Region_3,82
2020-05-09,Region_3,97
2020-05-10,Region_3,77
2020-05-11,Region_3,82
2020-05-12,Region_3,84
2020-05-13,Region_3,74
2020-05-14,Region_3,80
2020-05-15,Region_3,81
2020-05-16,Region_3,82
2020-05-17,Region_3,88
2020-05-18,Region_3,94
2020-05-19,Region_3,70
2020-05-20,Region_3,79
2020-05-21,Region_3,81
2020-05-22,Region_3,71
2020-05-23,Region_3,79
2020-05-24,Region_3,72
2020-05-25,Region_3,81
2020-05-26,Region_3,84
2020-05-27,Region_3,83
2020-05-28,Region_3,77
2020-05-29,Region_3,61
2020-05-30,Region_3,69
2020-05-31,Region_3,74
2020-06-01,Region_3,59
2020-06-02,Region_3,77
2020-06-03,Region_3,64
2020-06-04,Region_3,55
2020-06-05,Region_3,59
2020-06-06,Region_3,54
2020-06-07,Region_3,52
2020-06-08,Region_3,67
2020-06-09,Region_3,73
2020-06-10,Region_3,53
2020-06-11,Region_3,61
2020-06-12,Region_3,50
2020-06-13,Region_3,64
2020-06-14,Region_3,51
2020-06-15,Region_3,56
2020-06-16,Region_3,53
2020-06-17,Region_3,51
2020-06-18,Region_3,46
2020-06-19,Region_3,51
2020-06-20,Region_3,44
2020-06-21,Region_3,47
2020-06-22,Region_3,46
2020-06-23,Region_3,45
2020-06-24,Region_3,49
2020-06-25,Region_3,53
2020-06-26,Region_3,41
2020-06-27,Region_3,38
2020-06-28,Region_3,39
2020-06-29,Region_3,36
2020-06-30,Region_3,34
2020-07-01,Region_3,32
2020-07-02,Region_3,40
2020-07-03,Region_3,33
2020-07-04,Region_3,31
2020-07-05,Region_3,30
2020-07-06,Region_3,32
2020-07-07,Region_3,30
2020-07-08,Region_3,28
2020-07-09,Region_3,30
2020-07-10,Region_3,26
2020-07-11,Region_3,59
2020-07-12,Region_3,79
2020-07-13,Region_3,92
2020-07-14,Region_3,129
2020-07-15,Region_3,153
2020-07-16,Region_3,200
2020-07-17,Region_3,187
2020-07-18,Region_3,152
2020-07-19,Region_3,171
2020-07-20,Region_3,147
2020-07-21,Region_3,129
2020-07-22,Region_3,141
2020-07-23,Region_3,112
2020-07-24,Region_3,91
2020-07-25,Region_3,93
2020-07-26,Region_3,75
2020-07-27,Region_3,69
2020-07-28,Region_3,56
2020-07-29,Region_3,38
2020-07-30,Region_3,22
2020-07-31,Region_3,6
2020-08-01,Region_3,2
2020-08-02,Region_3,3
2020-08-03,Region_3,11
2020-08-04,Region_3,1
2020-08-05,Region_3,9
2020-08-06,Region_3,2
2020-08-07,Region_3,0
2020-08-08,Region_3,0
2020-08-09,Region_3,1
2020-08-10,Region_3,4
2020-08-11,Region_3,0
2020-08-12,Region_3,0
2020-08-13,Region_3,1
2020-08-14,Region_3,2
2020-08-15,Region_3,0
2020-08-16,Region_3,0
2020-08-17,Region_3,0
2020-08-18,Region_3,0
2020-08-19,Region_3,0
2020-08-20,Region_3,0
2020-08-21,Region_3,0
2020-08-22,Region_3,0
2020-08-23,Region_3,0
2020-08-24,Region_3,0
2020-08-25,Region_3,0
2020-08-26,Region_3,0
2020-08-27,Region_3,0
2020-08-28,Region_3,0
2020-08-29,Region_3,0
2020-08-30,Region_3,0
2020-08-31,Region_3,0
2020-09-01,Region_3,0
2020-09-02,Region_3,0
2020-09-03,Region_3,0
2020-09-04,Region_3,0
2020-09-05,Region_3,0
2020-09-06,Region_3,0
2020-09-07,Region_3,0
2020-09-08,Region_3,0
2020-09-09,Region_3,0
2020-09-10,Region_3,0
2020-09-11,Region_3,0
2020-09-12,Region_3,0
2020-09-13,Region_3,0
2020-09-14,Region_3,0
2020-09-15,Region_3,0
2020-09-16,Region_3,0
2020-09-17,Region_3,0
2020-09-18,Region_3,0
2020-09-19,Region_3,0
2020-09-20,Region_3,0
2020-09-21,Region_3,0
2020-09-22,Region_3,0
2020-09-23,Region_3,0
2020-09-24,Region_3,0
2020-09-25,Region_3,0
2020-09-26,Region_3,0
2020-09-27,Region_3,0
2020-09-28,Region_3,0
2020-09-29,Region_3,0
2020-09-30,Region_3,0
2020-10-01,Region_3,0
2020-10-02,Region_3,0
2020-10-03,Region_3,0
2020-10-04,Region_3,0
2020-10-05,Region_3,0
2020-10-06,Region_3,0
2020-10-07,Region_3,0
2020-10-08,Region_3,0
2020-10-09,Region_3,0
2020-10-10,Region_3,0
2020-10-11,Region_3,0
2020-10-12,Region_3,0
2020-10-13,Region_3,0
2020-10-14,Region_3,0
2020-10-15,Region_3,0
2020-10-16,Region_3,0
2020-10-17,Region_3,0
2020-10-18,Region_3,0
2020-10-19,Region_3,0
2020-10-20,Region_3,0
2020-10-21,Region_3,0
2020-10-22,Region_3,0
2020-10-23,Region_3,0
2020-10-24,Region_3,0
2020-10-25,Region_3,0
2020-10-26,Region_3,0
2020-10-27,Region_3,0
2020-10-28,Region_3,0
2020-10-29,Region_3,0
2020-10-30,Region_3,0
2020-10-31,Region_3,0
2020-11-01,Region_3,0
2020-11-02,Region_3,0
2020-11-03,Region_3,0
2020-11-04,Region_3,0
2020-11-05,Region_3,0
2020-11-06,Region_3,0
2020-11-07,Region_3,0
2020-11-08,Region_3,0
2020-11-09,Region_3,0
2020-11-10,Region_3,8
2020-11-11,Region_3,1
2020-11-12,Region_3,1
2020-11-13,Region_3,3
2020-11-14,Region_3,0
2020-11-15,Region_3,1
2020-11-16,Region_3,0
2020-11-17,Region_3,0
2020-11-18,Region_3,7
2020-11-19,Region_3,5
2020-11-20,Region_3,8
2020-11-21,Region_3,3
2020-11-22,Region_3,7
2020-11-23,Region_3,3
2020-11-24,Region_3,11
2020-11-25,Region_3,18
2020-11-26,Region_3,14
2020-11-27,Region_3,12
2020-11-28,Region_3,10
2020-11-29,Region_3,7
2020-11-30,Region_3,16
2020-12-01,Region_3,13
2020-12-02,Region_3,22
2020-12-03,Region_3,27
2020-12-04,Region_3,21
2020-12-05,Region_3,14
2020-12-06,Region_3,24
2020-12-07,Region_3,23
2020-12-08,Region_3,14
2020-12-09,Region_3,34
2020-12-10,Region_3,27
2020-12-11,Region_3,30
2020-12-12,Region_3,22
2020-12-13,Region_3,32
2020-12-14,Region_3,21
2020-12-15,Region_3,32
2020-12-16,Region_3,39
2020-12-17,Region_3,35
2020-12-18,Region_3,32
2020-12-19,Region_3,41
2020-12-20,Region_3,33
2020-12-21,Region_3,36
2020-12-22,Region_3,45
2020-12-23,Region_3,52
2020-12-24,Region_3,39
2020-12-25,Region_3,45
2020-12-26,Region_3,55
2020-12-27,Region_3,39
2020-12-28,Region_3,50
2020-12-29,Region_3,51
2020-12-30,Region_3,59
2020-12-31,Region_3,45
2021-01-01,Region_3,55
2021-01-02,Region_3,48
2021-01-03,Region_3,52
2021-01-04,Region_3,48
2021-01-05,Region_3,52
2021-01-06,Region_3,56
2021-01-07,Region_3,61
2021-01-08,Region_3,63
2021-01-09,Region_3,71
2021-01-10,Region_3,51
2021-01-11,Region_3,61
2021-01-12,Region_3,79
2021-01-13,Region_3,64
2021-01-14,Region_3,64
2021-01-15,Region_3,62
2021-01-16,Region_3,69
2021-01-17,Region_3,68
2021-01-18,Region_3,73
2021-01-19,Region_3,79
2021-01-20,Region_3,69
2021-01-21,Region_3,90
2021-01-22,Region_3,70
2021-01-23,Region_3,76
2021-01-24,Region_3,74
2021-01-25,Region_3,86
2021-01-26,Region_3,91
2021-01-27,Region_3,83
2021-01-28,Region_3,83
2021-01-29,Region_3,80
2021-01-30,Region_3,103
2021-01-31,Region_3,71
2021-02-01,Region_3,75
2021-02-02,Region_3,90
2021-02-03,Region_3,85
2021-02-04,Region_3,90
2021-02-05,Region_3,96
2021-02-06,Region_3,92
2021-02-07,Region_3,102
2021-02-08,Region_3,76
2021-02-09,Region_3,84
2021-02-10,Region_3,101
2021-02-11,Region_3,103
2021-02-12,Region_3,106
2021-02-13,Region_3,120
2021-02-14,Region_3,76
2021-02-15,Region_3,94
2021-02-16,Region_3,94
2021-02-17,Region_3,119
2021-02-18,Region_3,94
2021-02-19,Region_3,142
2021-02-20,Region_3,130
2021-02-21,Region_3,191
2021-02-22,Region_3,224
2021-02-23,Region_3,241
2021-02-24,Region_3,249
2021-02-25,Region_3,242
2021-02-26,Region_3,218
2021-02-27,Region_3,207
2021-02-28,Region_3,215
2021-03-01,Region_3,175
2021-03-02,Region_3,161
2021-03-03,Region_3,173
2021-03-04,Region_3,141
2021-03-05,Region_3,130
2021-03-06,Region_3,137
2021-03-07,Region_3,151
2021-03-08,Region_3,135
2021-03-09,Region_3,96
2021-03-10,Region_3,121
2021-03-11,Region_3,131
2021-03-12,Region_3,130
2021-03-13,Region_3,114
2021-03-14,Region_3,126
2021-03-15,Region_3,133
2021-03-16,Region_3,123
2021-03-17,Region_3,133
2021-03-18,Region_3,119
2021-03-19,Region_3,134
2021-03-20,Region_3,111
2021-03-21,Region_3,128
2021-03-22,Region_3,112
2021-03-23,Region_3,134
2021-03-24,Region_3,100
2021-03-25,Region_3,114
2021-03-26,Region_3,106
2021-03-27,Region_3,123
2021-03-28,Region_3,119
2021-03-29,Region_3,126
2021-03-30,Region_3,122
2021-03-31,Region_3,117
2021-04-01,Region_3,102
2021-04-02,Region_3,142
2021-04-03,Region_3,130
2021-04-04,Region_3,127
2021-04-05,Region_3,138
2021-04-06,Region_3,105
2021-04-07,Region_3,123
2021-04-08,Region_3,125
2021-04-09,Region_3,109
2021-04-10,Region_3,104
2021-04-11,Region_3,125
2021-04-12,Region_3,137
2021-04-13,Region_3,152
2021-04-14,Region_3,135
2021-04-15,Region_3,139
2021-04-16,Region_3,118
2021-04-17,Region_3,115
2021-04-18,Region_3,108
2021-04-19,Region_3,123
2021-04-20,Region_3,144
2021-04-21,Region_3,91
2021-04-22,Region_3,113
2021-04-23,Region_3,124
2021-04-24,Region_3,124
2021-04-25,Region_3,146
2021-04-26,Region_3,134
2021-04-27,Region_3,123
2021-04-28,Region_3,122
2021-04-29,Region_3,118
2021-04-30,Region_3,130
2021-05-01,Region_3,125
2021-05-02,Region_3,109
2021-05-03,Region_3,91
2021-05-04,Region_3,113
2021-05-05,Region_3,127
2021-05-06,Region_3,125
2021-05-07,Region_3,108
2021-05-08,Region_3,93
2021-05-09,Region_3,120
2021-05-10,Region_3,114
2021-05-11,Region_3,108
2021-05-12,Region_3,126
2021-05-13,Region_3,107
2021-05-14,Region_3,100
2021-05-15,Region_3,112
2021-05-16,Region_3,109
2021-05-17,Region_3,118
2021-05-18,Region_3,95
2021-05-19,Region_3,99
2021-05-20,Region_3,95
2021-05-21,Region_3,99
2021-05-22,Region_3,95
2021-05-23,Region_3,94
2021-05-24,Region_3,104
2021-05-25,Region_3,104
2021-05-26,Region_3,111
2021-05-27,Region_3,111
2021-05-28,Region_3,99
2021-05-29,Region_3,114
2021-05-30,Region_3,103
2021-05-31,Region_3,97
2021-06-01,Region_3,102
2021-06-02,Region_3,91
2021-06-03,Region_3,90
2021-06-04,Region_3,101
2021-06-05,Region_3,97
2021-06-06,Region_3,86
2021-06-07,Region_3,94
2021-06-08,Region_3,89
2021-06-09,Region_3,83
2021-06-10,Region_3,72
2021-06-11,Region_3,84
2021-06-12,Region_3,123
2021-06-13,Region_3,137
2021-06-14,Region_3,161
2021-06-15,Region_3,176
2021-06-16,Region_3,210
2021-06-17,Region_3,182
2021-06-18,Region_3,194
2021-06-19,Region_3,213
2021-06-20,Region_3,206
2021-06-21,Region_3,181
2021-06-22,Region_3,138
2021-06-23,Region_3,154
2021-06-24,Region_3,143
2021-06-25,Region_3,120
2021-06-26,Region_3,89
2021-06-27,Region_3,105
2021-06-28,Region_3,83
2021-06-29,Region_3,61
2021-06-30,Region_3,67
2021-07-01,Region_3,69
2021-07-02,Region_3,60
2021-07-03,Region_3,55
2021-07-04,Region_3,53
2021-07-05,Region_3,54
2021-07-06,Region_3,58
2021-07-07,Region_3,56
2021-07-08,Region_3,59
2021-07-09,Region_3,53
2021-07-10,Region_3,59
2021-07-11,Region_3,50
2021-07-12,Region_3,49
2021-07-13,Region_3,54
2021-07-14,Region_3,53
2021-07-15,Region_3,54
2021-07-16,Region_3,52
2021-07-17,Region_3,53
2021-07-18,Region_3,43
2021-07-19,Region_3,49
2021-07-20,Region_3,44
2021-07-21,Region_3,35
2021-07-22,Region_3,41
2021-07-23,Region_3,41
2021-07-24,Region_3,36
2021-07-25,Region_3,35
2021-07-26,Region_3,39
2021-07-27,Region_3,30
2021-07-28,Region_3,34
2021-07-29,Region_3,39
2021-07-30,Region_3,32
2021-07-31,Region_3,29
2021-08-01,Region_3,25
2021-08-02,Region_3,32
2021-08-03,Region_3,28
2021-08-04,Region_3,23
2021-08-05,Region_3,18
2021-08-06,Region_3,23
2021-08-07,Region_3,26
2021-08-08,Region_3,22
2021-08-09,Region_3,19
2021-08-10,Region_3,24
2021-08-11,Region_3,28
2021-08-12,Region_3,14
2021-08-13,Region_3,20
2021-08-14,Region_3,26
2021-08-15,Region_3,26
2021-08-16,Region_3,23
2021-08-17,Region_3,21
2021-08-18,Region_3,6
2021-08-19,Region_3,10
2021-08-20,Region_3,13
2021-08-21,Region_3,23
2021-08-22,Region_3,10
2021-08-23,Region_3,17
2021-08-24,Region_3,14
2021-08-25,Region_3,9
2021-08-26,Region_3,13
2021-08-27,Region_3,20
2021-08-28,Region_3,0
2021-08-29,Region_3,7
2021-08-30,Region_3,9
2021-08-31,Region_3,10
2021-09-01,Region_3,12
2021-09-02,Region_3,2
2021-09-03,Region_3,0
2021-09-04,Region_3,4
2021-09-05,Region_3,7
2021-09-06,Region_3,4
2021-09-07,Region_3,4
2021-09-08,Region_3,0
2021-09-09,Region_3,10
2021-09-10,Region_3,2
2021-09-11,Region_3,4
2021-09-12,Region_3,0
2021-09-13,Region_3,4
2021-09-14,Region_3,3
2021-09-15,Region_3,0
2021-09-16,Region_3,4
2021-09-17,Region_3,8
2021-09-18,Region_3,0
2021-09-19,Region_3,0
2021-09-20,Region_3,2
2021-09-21,Region_3,0
2021-09-22,Region_3,0
2021-09-23,Region_3,0
2021-09-24,Region_3,0
2021-09-25,Region_3,5
2021-09-26,Region_3,0
2021-09-27,Region_3,9
2021-09-28,Region_3,8
2021-09-29,Region_3,10
2021-09-30,Region_3,4
2021-10-01,Region_3,0
2021-10-02,Region_3,0
2021-10-03,Region_3,4
2021-10-04,Region_3,1
2021-10-05,Region_3,0
2021-10-06,Region_3,8
2021-10-07,Region_3,5
2021-10-08,Region_3,4
2021-10-09,Region_3,2
2021-10-10,Region_3,4
2021-10-11,Region_3,5
2021-10-12,Region_3,0
2021-10-13,Region_3,0
2021-10-14,Region_3,2
2021-10-15,Region_3,2
2021-10-16,Region_3,7
2021-10-17,Region_3,13
2021-10-18,Region_3,1
2021-10-19,Region_3,3
2021-10-20,Region_3,7
2021-10-21,Region_3,2
2021-10-22,Region_3,6
2021-10-23,Region_3,12
2021-10-24,Region_3,17
2021-10-25,Region_3,11
2021-10-26,Region_3,10
2021-10-27,Region_3,2
2021-10-28,Region_3,7
2021-10-29,Region_3,5
2021-10-30,Region_3,8
2021-10-31,Region_3,10
2021-11-01,Region_3,9
2021-11-02,Region_3,5
2021-11-03,Region_3,17
2021-11-04,Region_3,16
2021-11-05,Region_3,9
2021-11-06,Region_3,14
2021-11-07,Region_3,15
2021-11-08,Region_3,22
2021-11-09,Region_3,23
2021-11-10,Region_3,17
2021-11-11,Region_3,27
2021-11-12,Region_3,25
2021-11-13,Region_3,25
2021-11-14,Region_3,18
2021-11-15,Region_3,19
2021-11-16,Region_3,22
2021-11-17,Region_3,28
2021-11-18,Region_3,30
2021-11-19,Region_3,23
2021-11-20,Region_3,28
2021-11-21,Region_3,30
2021-11-22,Region_3,21
2021-11-23,Region_3,29
2021-11-24,Region_3,32
2021-11-25,Region_3,32
2021-11-26,Region_3,42
2021-11-27,Region_3,45
2021-11-28,Region_3,47
2021-11-29,Region_3,31
2021-11-30,Region_3,47
2021-12-01,Region_3,30
2021-12-02,Region_3,48
2021-12-03,Region_3,50
2021-12-04,Region_3,40
2021-12-05,Region_3,46
2021-12-06,Region_3,50
2021-12-07,Region_3,46
2021-12-08,Region_3,51
2021-12-09,Region_3,54
2021-12-10,Region_3,52
2021-12-11,Region_3,48
2021-12-12,Region_3,60
2021-12-13,Region_3,55
2021-12-14,Region_3,48
2021-12-15,Region_3,48
2021-12-16,Region_3,58
2021-12-17,Region_3,50
2021-12-18,Region_3,70
2021-12-19,Region_3,54
2021-12-20,Region_3,69
2021-12-21,Region_3,70
2021-12-22,Region_3,65
2021-12-23,Region_3,64
2021-12-24,Region_3,64
2021-12-25,Region_3,63
2021-12-26,Region_3,80
2021-12-27,Region_3,67
2021-12-28,Region_3,77
2021-12-29,Region_3,66
2021-12-30,Region_3,71
2020-01-01,Region_4,52
2020-01-02,Region_4,50
2020-01-03,Region_4,52
2020-01-04,Region_4,62
2020-01-05,Region_4,55
2020-01-06,Region_4,65
2020-01-07,Region_4,60
2020-01-08,Region_4,44
2020-01-09,Region_4,62
2020-01-10,Region_4,64
2020-01-11,Region_4,63
2020-01-12,Region_4,73
2020-01-13,Region_4,66
2020-01-14,Region_4,71
2020-01-15,Region_4,77
2020-01-16,Region_4,69
2020-01-17,Region_4,75
2020-01-18,Region_4,82
2020-01-19,Region_4,70
2020-01-20,Region_4,84
2020-01-21,Region_4,92
2020-01-22,Region_4,98
2020-01-23,Region_4,106
2020-01-24,Region_4,142
2020-01-25,Region_4,125
2020-01-26,Region_4,142
2020-01-27,Region_4,132
2020-01-28,Region_4,125
2020-01-29,Region_4,144
2020-01-30,Region_4,134
2020-01-31,Region_4,160
2020-02-01,Region_4,157
2020-02-02,Region_4,190
2020-02-03,Region_4,142
2020-02-04,Region_4,160
2020-02-05,Region_4,152
2020-02-06,Region_4,129
2020-02-07,Region_4,158
2020-02-08,Region_4,116
2020-02-09,Region_4,131
2020-02-10,Region_4,115
2020-02-11,Region_4,118
2020-02-12,Region_4,140
2020-02-13,Region_4,136
2020-02-14,Region_4,110
2020-02-15,Region_4,121
2020-02-16,Region_4,117
2020-02-17,Region_4,123
2020-02-18,Region_4,123
2020-02-19,Region_4,128
2020-02-20,Region_4,125
2020-02-21,Region_4,131
2020-02-22,Region_4,121
2020-02-23,Region_4,124
2020-02-24,Region_4,125
2020-02-25,Region_4,130
2020-02-26,Region_4,144
2020-02-27,Region_4,132
2020-02-28,Region_4,140
2020-02-29,Region_4,192
2020-03-01,Region_4,198
2020-03-02,Region_4,203
2020-03-03,Region_4,223
2020-03-04,Region_4,249
2020-03-05,Region_4,266
2020-03-06,Region_4,261
2020-03-07,Region_4,296
2020-03-08,Region_4,273
2020-03-09,Region_4,231
2020-03-10,Region_4,308
2020-03-11,Region_4,261
2020-03-12,Region_4,253
2020-03-13,Region_4,218
2020-03-14,Region_4,203
2020-03-15,Region_4,225
2020-03-16,Region_4,222
2020-03-17,Region_4,199
2020-03-18,Region_4,209
2020-03-19,Region_4,180
2020-03-20,Region_4,190
2020-03-21,Region_4,186
2020-03-22,Region_4,148
2020-03-23,Region_4,128
2020-03-24,Region_4,165
2020-03-25,Region_4,113
2020-03-26,Region_4,146
2020-03-27,Region_4,163
2020-03-28,Region_4,146
2020-03-29,Region_4,134
2020-03-30,Region_4,135
2020-03-31,Region_4,159
2020-04-01,Region_4,156
2020-04-02,Region_4,139
2020-04-03,Region_4,177
2020-04-04,Region_4,128
2020-04-05,Region_4,141
2020-04-06,Region_4,156
2020-04-07,Region_4,143
2020-04-08,Region_4,149
2020-04-09,Region_4,130
2020-04-10,Region_4,176
2020-04-11,Region_4,131
2020-04-12,Region_4,136
2020-04-13,Region_4,159
2020-04-14,Region_4,121
2020-04-15,Region_4,173
2020-04-16,Region_4,120
2020-04-17,Region_4,121
2020-04-18,Region_4,135
2020-04-19,Region_4,131
2020-04-20,Region_4,144
2020-04-21,Region_4,163
2020-04-22,Region_4,147
2020-04-23,Region_4,127
2020-04-24,Region_4,128
2020-04-25,Region_4,143
2020-04-26,Region_4,155
2020-04-27,Region_4,183
2020-04-28,Region_4,129
2020-04-29,Region_4,123
2020-04-30,Region_4,145
2020-05-01,Region_4,109
2020-05-02,Region_4,105
2020-05-03,Region_4,156
2020-05-04,Region_4,152
2020-05-05,Region_4,133
2020-05-06,Region_4,132
2020-05-07,Region_4,153
2020-05-08,Region_4,142
2020-05-09,Region_4,139
2020-05-10,Region_4,135
2020-05-11,Region_4,143
2020-05-12,Region_4,121
2020-05-13,Region_4,130
2020-05-14,Region_4,115
2020-05-15,Region_4,113
2020-05-16,Region_4,151
2020-05-17,Region_4,125
2020-05-18,Region_4,128
2020-05-19,Region_4,115
2020-05-20,Region_4,121
2020-05-21,Region_4,114
2020-05-22,Region_4,139
2020-05-23,Region_4,134
2020-05-24,Region_4,110
2020-05-25,Region_4,126
2020-05-26,Region_4,104
2020-05-27,Region_4,107
2020-05-28,Region_4,118
2020-05-29,Region_4,112
2020-05-30,Region_4,117
2020-05-31,Region_4,114
2020-06-01,Region_4,99
2020-06-02,Region_4,111
2020-06-03,Region_4,105
2020-06-04,Region_4,104
2020-06-05,Region_4,89
2020-06-06,Region_4,108
2020-06-07,Region_4,85
2020-06-08,Region_4,88
2020-06-09,Region_4,111
2020-06-10,Region_4,98
2020-06-11,Region_4,84
2020-06-12,Region_4,94
2020-06-13,Region_4,87
2020-06-14,Region_4,97
2020-06-15,Region_4,86
2020-06-16,Region_4,70
2020-06-17,Region_4,87
2020-06-18,Region_4,70
2020-06-19,Region_4,68
2020-06-20,Region_4,79
2020-06-21,Region_4,69
2020-06-22,Region_4,69
2020-06-23,Region_4,68
2020-06-24,Region_4,67
2020-06-25,Region_4,70
2020-06-26,Region_4,64
2020-06-27,Region_4,68
2020-06-28,Region_4,69
2020-06-29,Region_4,44
2020-06-30,Region_4,65
2020-07-01,Region_4,52
2020-07-02,Region_4,56
2020-07-03,Region_4,64
2020-07-04,Region_4,60
2020-07-05,Region_4,56
2020-07-06,Region_4,37
2020-07-07,Region_4,54
2020-07-08,Region_4,49
2020-07-09,Region_4,40
2020-07-10,Region_4,49
2020-07-11,Region_4,52
2020-07-12,Region_4,36
2020-07-13,Region_4,37
2020-07-14,Region_4,38
2020-07-15,Region_4,34
2020-07-16,Region_4,24
2020-07-17,Region_4,25
2020-07-18,Region_4,31
2020-07-19,Region_4,30
2020-07-20,Region_4,25
2020-07-21,Region_4,25
2020-07-22,Region_4,33
2020-07-23,Region_4,17
2020-07-24,Region_4,28
2020-07-25,Region_4,22
2020-07-26,Region_4,27
2020-07-27,Region_4,24
2020-07-28,Region_4,16
2020-07-29,Region_4,8
2020-07-30,Region_4,16
2020-07-31,Region_4,10
2020-08-01,Region_4,16
2020-08-02,Region_4,12
2020-08-03,Region_4,8
2020-08-04,Region_4,4
2020-08-05,Region_4,5
2020-08-06,Region_4,10
2020-08-07,Region_4,14
2020-08-08,Region_4,1
2020-08-09,Region_4,3
2020-08-10,Region_4,4
2020-08-11,Region_4,1
2020-08-12,Region_4,5
2020-08-13,Region_4,5
2020-08-14,Region_4,2
2020-08-15,Region_4,0
2020-08-16,Region_4,0
2020-08-17,Region_4,0
2020-08-18,Region_4,0
2020-08-19,Region_4,0
2020-08-20,Region_4,0
2020-08-21,Region_4,0
2020-08-22,Region_4,0
2020-08-23,Region_4,0
2020-08-24,Region_4,0
2020-08-25,Region_4,0
2020-08-26,Region_4,0
2020-08-27,Region_4,0
2020-08-28,Region_4,0
2020-08-29,Region_4,0
2020-08-30,Region_4,0
2020-08-31,Region_4,0
2020-09-01,Region_4,0
2020-09-02,Region_4,0
2020-09-03,Region_4,0
2020-09-04,Region_4,0
2020-09-05,Region_4,0
2020-09-06,Region_4,0
2020-09-07,Region_4,0
2020-09-08,Region_4,0
2020-09-09,Region_4,0
2020-09-10,Region_4,0
2020-09-11,Region_4,0
2020-09-12,Region_4,0
2020-09-13,Region_4,0
2020-09-14,Region_4,0
2020-09-15,Region_4,0
2020-09-16,Region_4,0
2020-09-17,Region_4,0
2020-09-18,Region_4,0
2020-09-19,Region_4,0
2020-09-20,Region_4,0
2020-09-21,Region_4,0
2020-09-22,Region_4,0
2020-09-23,Region_4,0
2020-09-24,Region_4,0
2020-09-25,Region_4,0
2020-09-26,Region_4,0
2020-09-27,Region_4,0
2020-09-28,Region_4,0
2020-09-29,Region_4,0
2020-09-30,Region_4,0
2020-10-01,Region_4,0
2020-10-02,Region_4,0
2020-10-03,Region_4,0
2020-10-04,Region_4,0
2020-10-05,Region_4,0
2020-10-06,Region_4,0
2020-10-07,Region_4,0
2020-10-08,Region_4,0
2020-10-09,Region_4,0
2020-10-10,Region_4,0
2020-10-11,Region_4,0
2020-10-12,Region_4,0
2020-10-13,Region_4,0
2020-10-14,Region_4,0
2020-10-15,Region_4,0
2020-10-16,Region_4,0
2020-10-17,Region_4,0
2020-10-18,Region_4,0
2020-10-19,Region_4,0
2020-10-20,Region_4,0
2020-10-21,Region_4,0
2020-10-22,Region_4,0
2020-10-23,Region_4,0
2020-10-24,Region_4,0
2020-10-25,Region_4,0
2020-10-26,Region_4,0
2020-10-27,Region_4,0
2020-10-28,Region_4,0
2020-10-29,Region_4,0
2020-10-30,Region_4,0
2020-10-31,Region_4,0
2020-11-01,Region_4,0
2020-11-02,Region_4,0
2020-11-03,Region_4,0
2020-11-04,Region_4,0
2020-11-05,Region_4,0
2020-11-06,Region_4,0
2020-11-07,Region_4,2
2020-11-08,Region_4,0
2020-11-09,Region_4,1
2020-11-10,Region_4,0
2020-11-11,Region_4,3
2020-11-12,Region_4,0
2020-11-13,Region_4,0
2020-11-14,Region_4,0
2020-11-15,Region_4,10
2020-11-16,Region_4,0
2020-11-17,Region_4,0
2020-11-18,Region_4,3
2020-11-19,Region_4,3
2020-11-20,Region_4,12
2020-11-21,Region_4,12
2020-11-22,Region_4,4
2020-11-23,Region_4,11
2020-11-24,Region_4,12
2020-11-25,Region_4,12
2020-11-26,Region_4,19
2020-11-27,Region_4,26
2020-11-28,Region_4,23
2020-11-29,Region_4,18
2020-11-30,Region_4,22
2020-12-01,Region_4,30
2020-12-02,Region_4,21
2020-12-03,Region_4,33
2020-12-04,Region_4,26
2020-12-05,Region_4,29
2020-12-06,Region_4,39
2020-12-07,Region_4,26
2020-12-08,Region_4,32
2020-12-09,Region_4,31
2020-12-10,Region_4,44
2020-12-11,Region_4,44
2020-12-12,Region_4,38
2020-12-13,Region_4,49
2020-12-14,Region_4,46
2020-12-15,Region_4,38
2020-12-16,Region_4,45
2020-12-17,Region_4,47
2020-12-18,Region_4,46
2020-12-19,Region_4,50
2020-12-20,Region_4,58
2020-12-21,Region_4,64
2020-12-22,Region_4,53
2020-12-23,Region_4,59
2020-12-24,Region_4,64
2020-12-25,Region_4,64
2020-12-26,Region_4,77
2020-12-27,Region_4,65
2020-12-28,Region_4,66
2020-12-29,Region_4,64
2020-12-30,Region_4,65
2020-12-31,Region_4,74
2021-01-01,Region_4,69
2021-01-02,Region_4,70
2021-01-03,Region_4,62
2021-01-04,Region_4,73
2021-01-05,Region_4,76
2021-01-06,Region_4,82
2021-01-07,Region_4,67
2021-01-08,Region_4,75
2021-01-09,Region_4,73
2021-01-10,Region_4,104
2021-01-11,Region_4,86
2021-01-12,Region_4,80
2021-01-13,Region_4,106
2021-01-14,Region_4,111
2021-01-15,Region_4,74
2021-01-16,Region_4,108
2021-01-17,Region_4,89
2021-01-18,Region_4,109
2021-01-19,Region_4,79
2021-01-20,Region_4,136
2021-01-21,Region_4,89
2021-01-22,Region_4,106
2021-01-23,Region_4,116
2021-01-24,Region_4,98
2021-01-25,Region_4,114
2021-01-26,Region_4,117
2021-01-27,Region_4,133
2021-01-28,Region_4,123
2021-01-29,Region_4,126
2021-01-30,Region_4,101
2021-01-31,Region_4,128
2021-02-01,Region_4,123
2021-02-02,Region_4,122
2021-02-03,Region_4,123
2021-02-04,Region_4,121
2021-02-05,Region_4,113
2021-02-06,Region_4,148
2021-02-07,Region_4,157
2021-02-08,Region_4,124
2021-02-09,Region_4,130
2021-02-10,Region_4,125
2021-02-11,Region_4,136
2021-02-12,Region_4,131
2021-02-13,Region_4,156
2021-02-14,Region_4,162
2021-02-15,Region_4,133
2021-02-16,Region_4,139
2021-02-17,Region_4,139
2021-02-18,Region_4,155
2021-02-19,Region_4,159
2021-02-20,Region_4,150
2021-02-21,Region_4,139
2021-02-22,Region_4,146
2021-02-23,Region_4,150
2021-02-24,Region_4,161
2021-02-25,Region_4,146
2021-02-26,Region_4,138
2021-02-27,Region_4,139
2021-02-28,Region_4,168
2021-03-01,Region_4,120
2021-03-02,Region_4,174
2021-03-03,Region_4,162
2021-03-04,Region_4,152
2021-03-05,Region_4,162
2021-03-06,Region_4,181
2021-03-07,Region_4,145
2021-03-08,Region_4,149
2021-03-09,Region_4,155
2021-03-10,Region_4,147
2021-03-11,Region_4,164
2021-03-12,Region_4,162
2021-03-13,Region_4,143
2021-03-14,Region_4,187
2021-03-15,Region_4,159
2021-03-16,Region_4,168
2021-03-17,Region_4,176
2021-03-18,Region_4,147
2021-03-19,Region_4,186
2021-03-20,Region_4,185
2021-03-21,Region_4,140
2021-03-22,Region_4,193
2021-03-23,Region_4,197
2021-03-24,Region_4,177
2021-03-25,Region_4,168
2021-03-26,Region_4,163
2021-03-27,Region_4,176
2021-03-28,Region_4,172
2021-03-29,Region_4,167
2021-03-30,Region_4,152
2021-03-31,Region_4,175
2021-04-01,Region_4,150
2021-04-02,Region_4,175
2021-04-03,Region_4,154
2021-04-04,Region_4,195
2021-04-05,Region_4,182
2021-04-06,Region_4,185
2021-04-07,Region_4,138
2021-04-08,Region_4,152
2021-04-09,Region_4,160
2021-04-10,Region_4,169
2021-04-11,Region_4,191
2021-04-12,Region_4,138
2021-04-13,Region_4,143
2021-04-14,Region_4,155
2021-04-15,Region_4,152
2021-04-16,Region_4,141
2021-04-17,Region_4,174
2021-04-18,Region_4,137
2021-04-19,Region_4,183
2021-04-20,Region_4,169
2021-04-21,Region_4,171
2021-04-22,Region_4,157
2021-04-23,Region_4,157
2021-04-24,Region_4,184
2021-04-25,Region_4,157
2021-04-26,Region_4,149
2021-04-27,Region_4,178
2021-04-28,Region_4,173
2021-04-29,Region_4,155
2021-04-30,Region_4,169
2021-05-01,Region_4,149
2021-05-02,Region_4,166
2021-05-03,Region_4,162
2021-05-04,Region_4,157
2021-05-05,Region_4,153
2021-05-06,Region_4,160
2021-05-07,Region_4,162
2021-05-08,Region_4,158
2021-05-09,Region_4,139
2021-05-10,Region_4,136
2021-05-11,Region_4,149
2021-05-12,Region_4,169
2021-05-13,Region_4,157
2021-05-14,Region_4,132
2021-05-15,Region_4,142
2021-05-16,Region_4,145
2021-05-17,Region_4,162
2021-05-18,Region_4,132
2021-05-19,Region_4,151
2021-05-20,Region_4,135
2021-05-21,Region_4,129
2021-05-22,Region_4,148
2021-05-23,Region_4,121
2021-05-24,Region_4,129
2021-05-25,Region_4,127
2021-05-26,Region_4,134
2021-05-27,Region_4,131
2021-05-28,Region_4,132
2021-05-29,Region_4,141
2021-05-30,Region_4,118
2021-05-31,Region_4,122
2021-06-01,Region_4,118
2021-06-02,Region_4,133
2021-06-03,Region_4,116
2021-06-04,Region_4,105
2021-06-05,Region_4,108
2021-06-06,Region_4,102
2021-06-07,Region_4,110
2021-06-08,Region_4,110
2021-06-09,Region_4,118
2021-06-10,Region_4,106
2021-06-11,Region_4,99
2021-06-12,Region_4,106
2021-06-13,Region_4,123
2021-06-14,Region_4,109
2021-06-15,Region_4,110
2021-06-16,Region_4,115
2021-06-17,Region_4,110
2021-06-18,Region_4,89
2021-06-19,Region_4,108
2021-06-20,Region_4,99
2021-06-21,Region_4,93
2021-06-22,Region_4,106
2021-06-23,Region_4,80
2021-06-24,Region_4,78
2021-06-25,Region_4,108
2021-06-26,Region_4,88
2021-06-27,Region_4,85
2021-06-28,Region_4,82
2021-06-29,Region_4,93
2021-06-30,Region_4,93
2021-07-01,Region_4,88
2021-07-02,Region_4,84
2021-07-03,Region_4,83
2021-07-04,Region_4,71
2021-07-05,Region_4,73
2021-07-06,Region_4,66
2021-07-07,Region_4,59
2021-07-08,Region_4,80
2021-07-09,Region_4,68
2021-07-10,Region_4,71
2021-07-11,Region_4,70
2021-07-12,Region_4,64
2021-07-13,Region_4,58
2021-07-14,Region_4,59
2021-07-15,Region_4,56
2021-07-16,Region_4,79
2021-07-17,Region_4,66
2021-07-18,Region_4,57
2021-07-19,Region_4,55
2021-07-20,Region_4,59
2021-07-21,Region_4,58
2021-07-22,Region_4,47
2021-07-23,Region_4,44
2021-07-24,Region_4,43
2021-07-25,Region_4,44
2021-07-26,Region_4,53
2021-07-27,Region_4,39
2021-07-28,Region_4,38
2021-07-29,Region_4,47
2021-07-30,Region_4,42
2021-07-31,Region_4,36
2021-08-01,Region_4,34
2021-08-02,Region_4,25
2021-08-03,Region_4,32
2021-08-04,Region_4,22
2021-08-05,Region_4,24
2021-08-06,Region_4,33
2021-08-07,Region_4,30
2021-08-08,Region_4,29
2021-08-09,Region_4,21
2021-08-10,Region_4,24
2021-08-11,Region_4,27
2021-08-12,Region_4,30
2021-08-13,Region_4,24
2021-08-14,Region_4,19
2021-08-15,Region_4,27
2021-08-16,Region_4,14
2021-08-17,Region_4,17
2021-08-18,Region_4,26
2021-08-19,Region_4,34
2021-08-20,Region_4,45
2021-08-21,Region_4,52
2021-08-22,Region_4,70
2021-08-23,Region_4,62
2021-08-24,Region_4,89
2021-08-25,Region_4,97
2021-08-26,Region_4,89
2021-08-27,Region_4,99
2021-08-28,Region_4,84
2021-08-29,Region_4,73
2021-08-30,Region_4,71
2021-08-31,Region_4,62
2021-09-01,Region_4,57
2021-09-02,Region_4,55
2021-09-03,Region_4,34
2021-09-04,Region_4,36
2021-09-05,Region_4,31
2021-09-06,Region_4,28
2021-09-07,Region_4,25
2021-09-08,Region_4,24
2021-09-09,Region_4,11
2021-09-10,Region_4,1
2021-09-11,Region_4,1
2021-09-12,Region_4,0
2021-09-13,Region_4,7
2021-09-14,Region_4,1
2021-09-15,Region_4,0
2021-09-16,Region_4,0
2021-09-17,Region_4,0
2021-09-18,Region_4,0
2021-09-19,Region_4,0
2021-09-20,Region_4,0
2021-09-21,Region_4,0
2021-09-22,Region_4,0
2021-09-23,Region_4,0
2021-09-24,Region_4,0
2021-09-25,Region_4,0
2021-09-26,Region_4,0
2021-09-27,Region_4,0
2021-09-28,Region_4,0
2021-09-29,Region_4,0
2021-09-30,Region_4,0
2021-10-01,Region_4,0
2021-10-02,Region_4,0
2021-10-03,Region_4,0
2021-10-04,Region_4,0
2021-10-05,Region_4,0
2021-10-06,Region_4,0
2021-10-07,Region_4,2
2021-10-08,Region_4,0
2021-10-09,Region_4,0
2021-10-10,Region_4,0
2021-10-11,Region_4,0
2021-10-12,Region_4,1
2021-10-13,Region_4,0
2021-10-14,Region_4,0
2021-10-15,Region_4,0
2021-10-16,Region_4,2
2021-10-17,Region_4,0
2021-10-18,Region_4,0
2021-10-19,Region_4,0
2021-10-20,Region_4,0
2021-10-21,Region_4,0
2021-10-22,Region_4,0
2021-10-23,Region_4,2
2021-10-24,Region_4,10
2021-10-25,Region_4,10
2021-10-26,Region_4,2
2021-10-27,Region_4,5
2021-10-28,Region_4,3
2021-10-29,Region_4,5
2021-10-30,Region_4,0
2021-10-31,Region_4,0
2021-11-01,Region_4,4
2021-11-02,Region_4,18
2021-11-03,Region_4,0
2021-11-04,Region_4,3
2021-11-05,Region_4,7
2021-11-06,Region_4,13
2021-11-07,Region_4,10
2021-11-08,Region_4,13
2021-11-09,Region_4,19
2021-11-10,Region_4,18
2021-11-11,Region_4,11
2021-11-12,Region_4,17
2021-11-13,Region_4,15
2021-11-14,Region_4,22
2021-11-15,Region_4,19
2021-11-16,Region_4,25
2021-11-17,Region_4,22
2021-11-18,Region_4,28
2021-11-19,Region_4,32
2021-11-20,Region_4,34
2021-11-21,Region_4,40
2021-11-22,Region_4,32
2021-11-23,Region_4,40
2021-11-24,Region_4,47
2021-11-25,Region_4,40
2021-11-26,Region_4,41
2021-11-27,Region_4,42
2021-11-28,Region_4,40
2021-11-29,Region_4,35
2021-11-30,Region_4,46
2021-12-01,Region_4,47
2021-12-02,Region_4,50
2021-12-03,Region_4,38
2021-12-04,Region_4,50
2021-12-05,Region_4,47
2021-12-06,Region_4,46
2021-12-07,Region_4,53
2021-12-08,Region_4,58
2021-12-09,Region_4,62
2021-12-10,Region_4,57
2021-12-11,Region_4,56
2021-12-12,Region_4,65
2021-12-13,Region_4,68
2021-12-14,Region_4,66
2021-12-15,Region_4,60
2021-12-16,Region_4,68
2021-12-17,Region_4,61
2021-12-18,Region_4,64
2021-12-19,Region_4,87
2021-12-20,Region_4,70
2021-12-21,Region_4,61
2021-12-22,Region_4,86
2021-12-23,Region_4,89
2021-12-24,Region_4,65
2021-12-25,Region_4,71
2021-12-26,Region_4,77
2021-12-27,Region_4,82
2021-12-28,Region_4,78
2021-12-29,Region_4,83
2021-12-30,Region_4,104
2020-01-01,Region_5,8
2020-01-02,Region_5,24
2020-01-03,Region_5,18
2020-01-04,Region_5,27
2020-01-05,Region_5,23
2020-01-06,Region_5,29
2020-01-07,Region_5,19
2020-01-08,Region_5,25
2020-01-09,Region_5,31
2020-01-10,Region_5,40
2020-01-11,Region_5,40
2020-01-12,Region_5,28
2020-01-13,Region_5,33
2020-01-14,Region_5,37
2020-01-15,Region_5,27
2020-01-16,Region_5,45
2020-01-17,Region_5,43
2020-01-18,Region_5,44
2020-01-19,Region_5,43
2020-01-20,Region_5,45
2020-01-21,Region_5,53
2020-01-22,Region_5,40
2020-01-23,Region_5,54
2020-01-24,Region_5,42
2020-01-25,Region_5,43
2020-01-26,Region_5,53
2020-01-27,Region_5,60
2020-01-28,Region_5,51
2020-01-29,Region_5,61
2020-01-30,Region_5,60
2020-01-31,Region_5,51
2020-02-01,Region_5,66
2020-02-02,Region_5,63
2020-02-03,Region_5,51
2020-02-04,Region_5,54
2020-02-05,Region_5,63
2020-02-06,Region_5,62
2020-02-07,Region_5,55
2020-02-08,Region_5,71
2020-02-09,Region_5,66
2020-02-10,Region_5,70
2020-02-11,Region_5,65
2020-02-12,Region_5,68
2020-02-13,Region_5,64
2020-02-14,Region_5,69
2020-02-15,Region_5,79
2020-02-16,Region_5,82
2020-02-17,Region_5,84
2020-02-18,Region_5,92
2020-02-19,Region_5,89
2020-02-20,Region_5,72
2020-02-21,Region_5,82
2020-02-22,Region_5,87
2020-02-23,Region_5,80
2020-02-24,Region_5,85
2020-02-25,Region_5,73
2020-02-26,Region_5,72
2020-02-27,Region_5,82
2020-02-28,Region_5,77
2020-02-29,Region_5,89
2020-03-01,Region_5,85
2020-03-02,Region_5,73
2020-03-03,Region_5,89
2020-03-04,Region_5,100
2020-03-05,Region_5,100
2020-03-06,Region_5,88
2020-03-07,Region_5,85
2020-03-08,Region_5,78
2020-03-09,Region_5,87
2020-03-10,Region_5,92
2020-03-11,Region_5,97
2020-03-12,Region_5,89
2020-03-13,Region_5,97
2020-03-14,Region_5,102
2020-03-15,Region_5,97
2020-03-16,Region_5,93
2020-03-17,Region_5,95
2020-03-18,Region_5,90
2020-03-19,Region_5,108
2020-03-20,Region_5,100
2020-03-21,Region_5,123
2020-03-22,Region_5,105
2020-03-23,Region_5,97
2020-03-24,Region_5,79
2020-03-25,Region_5,102
2020-03-26,Region_5,98
2020-03-27,Region_5,107
2020-03-28,Region_5,99
2020-03-29,Region_5,91
2020-03-30,Region_5,102
2020-03-31,Region_5,97
2020-04-01,Region_5,116
2020-04-02,Region_5,107
2020-04-03,Region_5,94
2020-04-04,Region_5,103
2020-04-05,Region_5,91
2020-04-06,Region_5,107
2020-04-07,Region_5,103
2020-04-08,Region_5,131
2020-04-09,Region_5,102
2020-04-10,Region_5,91
2020-04-11,Region_5,101
2020-04-12,Region_5,103
2020-04-13,Region_5,106
2020-04-14,Region_5,94
2020-04-15,Region_5,96
2020-04-16,Region_5,99
2020-04-17,Region_5,111
2020-04-18,Region_5,106
2020-04-19,Region_5,92
2020-04-20,Region_5,91
2020-04-21,Region_5,73
2020-04-22,Region_5,82
2020-04-23,Region_5,92
2020-04-24,Region_5,79
2020-04-25,Region_5,102
2020-04-26,Region_5,100
2020-04-27,Region_5,106
2020-04-28,Region_5,97
2020-04-29,Region_5,102
2020-04-30,Region_5,110
2020-05-01,Region_5,111
2020-05-02,Region_5,89
2020-05-03,Region_5,108
2020-05-04,Region_5,95
2020-05-05,Region_5,84
2020-05-06,Region_5,86
2020-05-07,Region_5,95
2020-05-08,Region_5,102
2020-05-09,Region_5,109
2020-05-10,Region_5,91
2020-05-11,Region_5,99
2020-05-12,Region_5,90
2020-05-13,Region_5,86
2020-05-14,Region_5,90
2020-05-15,Region_5,82
2020-05-16,Region_5,81
2020-05-17,Region_5,89
2020-05-18,Region_5,77
2020-05-19,Region_5,86
2020-05-20,Region_5,80
2020-05-21,Region_5,93
2020-05-22,Region_5,84
2020-05-23,Region_5,66
2020-05-24,Region_5,80
2020-05-25,Region_5,89
2020-05-26,Region_5,73
2020-05-27,Region_5,71
2020-05-28,Region_5,72
2020-05-29,Region_5,71
2020-05-30,Region_5,64
2020-05-31,Region_5,84
2020-06-01,Region_5,72
2020-06-02,Region_5,61
2020-06-03,Region_5,70
2020-06-04,Region_5,68
2020-06-05,Region_5,71
2020-06-06,Region_5,72
2020-06-07,Region_5,71
2020-06-08,Region_5,68
2020-06-09,Region_5,68
2020-06-10,Region_5,75
2020-06-11,Region_5,64
2020-06-12,Region_5,59
2020-06-13,Region_5,59
2020-06-14,Region_5,61
2020-06-15,Region_5,60
2020-06-16,Region_5,65
2020-06-17,Region_5,57
2020-06-18,Region_5,59
2020-06-19,Region_5,60
2020-06-20,Region_5,65
2020-06-21,Region_5,51
2020-06-22,Region_5,53
2020-06-23,Region_5,51
2020-06-24,Region_5,45
2020-06-25,Region_5,50
2020-06-26,Region_5,43
2020-06-27,Region_5,40
2020-06-28,Region_5,52
2020-06-29,Region_5,42
2020-06-30,Region_5,41
2020-07-01,Region_5,55
2020-07-02,Region_5,41
2020-07-03,Region_5,81
2020-07-04,Region_5,100
2020-07-05,Region_5,144
2020-07-06,Region_5,161
2020-07-07,Region_5,174
2020-07-08,Region_5,145
2020-07-09,Region_5,155
2020-07-10,Region_5,136
2020-07-11,Region_5,125
2020-07-12,Region_5,91
2020-07-13,Region_5,82
2020-07-14,Region_5,64
2020-07-15,Region_5,43
2020-07-16,Region_5,32
2020-07-17,Region_5,26
2020-07-18,Region_5,27
2020-07-19,Region_5,28
2020-07-20,Region_5,25
2020-07-21,Region_5,25
2020-07-22,Region_5,20
2020-07-23,Region_5,20
2020-07-24,Region_5,28
2020-07-25,Region_5,23
2020-07-26,Region_5,21
2020-07-27,Region_5,12
2020-07-28,Region_5,21
2020-07-29,Region_5,14
2020-07-30,Region_5,17
2020-07-31,Region_5,16
2020-08-01,Region_5,20
2020-08-02,Region_5,12
2020-08-03,Region_5,14
2020-08-04,Region_5,9
2020-08-05,Region_5,11
2020-08-06,Region_5,9
2020-08-07,Region_5,19
2020-08-08,Region_5,9
2020-08-09,Region_5,11
2020-08-10,Region_5,10
2020-08-11,Region_5,0
2020-08-12,Region_5,12
2020-08-13,Region_5,5
2020-08-14,Region_5,15
2020-08-15,Region_5,11
2020-08-16,Region_5,0
2020-08-17,Region_5,0
2020-08-18,Region_5,0
2020-08-19,Region_5,0
2020-08-20,Region_5,4
2020-08-21,Region_5,5
2020-08-22,Region_5,0
2020-08-23,Region_5,8
2020-08-24,Region_5,1
2020-08-25,Region_5,0
2020-08-26,Region_5,0
2020-08-27,Region_5,0
2020-08-28,Region_5,0
2020-08-29,Region_5,3
2020-08-30,Region_5,0
2020-08-31,Region_5,0
2020-09-01,Region_5,2
2020-09-02,Region_5,0
2020-09-03,Region_5,0
2020-09-04,Region_5,0
2020-09-05,Region_5,0
2020-09-06,Region_5,0
2020-09-07,Region_5,0
2020-09-08,Region_5,0
2020-09-09,Region_5,0
2020-09-10,Region_5,0
2020-09-11,Region_5,3
2020-09-12,Region_5,0
2020-09-13,Region_5,0
2020-09-14,Region_5,0
2020-09-15,Region_5,0
2020-09-16,Region_5,0
2020-09-17,Region_5,0
2020-09-18,Region_5,0
2020-09-19,Region_5,0
2020-09-20,Region_5,0
2020-09-21,Region_5,0
2020-09-22,Region_5,0
2020-09-23,Region_5,0
2020-09-24,Region_5,0
2020-09-25,Region_5,0
2020-09-26,Region_5,0
2020-09-27,Region_5,0
2020-09-28,Region_5,0
2020-09-29,Region_5,0
2020-09-30,Region_5,0
2020-10-01,Region_5,0
2020-10-02,Region_5,0
2020-10-03,Region_5,0
2020-10-04,Region_5,0
2020-10-05,Region_5,0
2020-10-06,Region_5,0
2020-10-07,Region_5,0
2020-10-08,Region_5,0
2020-10-09,Region_5,0
2020-10-10,Region_5,0
2020-10-11,Region_5,0
2020-10-12,Region_5,0
2020-10-13,Region_5,0
2020-10-14,Region_5,0
2020-10-15,Region_5,0
2020-10-16,Region_5,0
2020-10-17,Region_5,0
2020-10-18,Region_5,0
2020-10-19,Region_5,0
2020-10-20,Region_5,1
2020-10-21,Region_5,0
2020-10-22,Region_5,0
2020-10-23,Region_5,0
2020-10-24,Region_5,0
2020-10-25,Region_5,2
2020-10-26,Region_5,3
2020-10-27,Region_5,8
2020-10-28,Region_5,2
2020-10-29,Region_5,5
2020-10-30,Region_5,4
2020-10-31,Region_5,0
2020-11-01,Region_5,9
2020-11-02,Region_5,3
2020-11-03,Region_5,0
2020-11-04,Region_5,0
2020-11-05,Region_5,7
2020-11-06,Region_5,1
2020-11-07,Region_5,15
2020-11-08,Region_5,15
2020-11-09,Region_5,11
2020-11-10,Region_5,8
2020-11-11,Region_5,12
2020-11-12,Region_5,25
2020-11-13,Region_5,13
2020-11-14,Region_5,18
2020-11-15,Region_5,19
2020-11-16,Region_5,13
2020-11-17,Region_5,19
2020-11-18,Region_5,21
2020-11-19,Region_5,22
2020-11-20,Region_5,8
2020-11-21,Region_5,30
2020-11-22,Region_5,23
2020-11-23,Region_5,25
2020-11-24,Region_5,19
2020-11-25,Region_5,32
2020-11-26,Region_5,33
2020-11-27,Region_5,32
2020-11-28,Region_5,30
2020-11-29,Region_5,32
2020-11-30,Region_5,40
2020-12-01,Region_5,30
2020-12-02,Region_5,41
2020-12-03,Region_5,34
2020-12-04,Region_5,65
2020-12-05,Region_5,65
2020-12-06,Region_5,87
2020-12-07,Region_5,118
2020-12-08,Region_5,135
2020-12-09,Region_5,119
2020-12-10,Region_5,146
2020-12-11,Region_5,116
2020-12-12,Region_5,129
2020-12-13,Region_5,94
2020-12-14,Region_5,100
2020-12-15,Region_5,91
2020-12-16,Region_5,87
2020-12-17,Region_5,81
2020-12-18,Region_5,64
2020-12-19,Region_5,62
2020-12-20,Region_5,47
2020-12-21,Region_5,57
2020-12-22,Region_5,54
2020-12-23,Region_5,55
2020-12-24,Region_5,66
2020-12-25,Region_5,59
2020-12-26,Region_5,59
2020-12-27,Region_5,73
2020-12-28,Region_5,71
2020-12-29,Region_5,71
2020-12-30,Region_5,66
2020-12-31,Region_5,81
2021-01-01,Region_5,82
2021-01-02,Region_5,84
2021-01-03,Region_5,76
2021-01-04,Region_5,76
2021-01-05,Region_5,76
2021-01-06,Region_5,66
2021-01-07,Region_5,80
2021-01-08,Region_5,93
2021-01-09,Region_5,95
2021-01-10,Region_5,85
2021-01-11,Region_5,81
2021-01-12,Region_5,79
2021-01-13,Region_5,100
2021-01-14,Region_5,82
2021-01-15,Region_5,77
2021-01-16,Region_5,90
2021-01-17,Region_5,102
2021-01-18,Region_5,82
2021-01-19,Region_5,70
2021-01-20,Region_5,98
2021-01-21,Region_5,94
2021-01-22,Region_5,90
2021-01-23,Region_5,100
2021-01-24,Region_5,102
2021-01-25,Region_5,105
2021-01-26,Region_5,108
2021-01-27,Region_5,114
2021-01-28,Region_5,113
2021-01-29,Region_5,108
2021-01-30,Region_5,103
2021-01-31,Region_5,122
2021-02-01,Region_5,119
2021-02-02,Region_5,107
2021-02-03,Region_5,116
2021-02-04,Region_5,111
2021-02-05,Region_5,107
2021-02-06,Region_5,122
2021-02-07,Region_5,123
2021-02-08,Region_5,113
2021-02-09,Region_5,111
2021-02-10,Region_5,112
2021-02-11,Region_5,113
2021-02-12,Region_5,129
2021-02-13,Region_5,120
2021-02-14,Region_5,112
2021-02-15,Region_5,137
2021-02-16,Region_5,122
2021-02-17,Region_5,146
2021-02-18,Region_5,120
2021-02-19,Region_5,122
2021-02-20,Region_5,121
2021-02-21,Region_5,127
2021-02-22,Region_5,100
2021-02-23,Region_5,133
2021-02-24,Region_5,130
2021-02-25,Region_5,134
2021-02-26,Region_5,144
2021-02-27,Region_5,148
2021-02-28,Region_5,137
2021-03-01,Region_5,131
2021-03-02,Region_5,134
2021-03-03,Region_5,137
2021-03-04,Region_5,117
2021-03-05,Region_5,151
2021-03-06,Region_5,123
2021-03-07,Region_5,124
2021-03-08,Region_5,116
2021-03-09,Region_5,142
2021-03-10,Region_5,135
2021-03-11,Region_5,129
2021-03-12,Region_5,124
2021-03-13,Region_5,144
2021-03-14,Region_5,151
2021-03-15,Region_5,146
2021-03-16,Region_5,147
2021-03-17,Region_5,154
2021-03-18,Region_5,150
2021-03-19,Region_5,172
2021-03-20,Region_5,154
2021-03-21,Region_5,142
2021-03-22,Region_5,156
2021-03-23,Region_5,150
2021-03-24,Region_5,150
2021-03-25,Region_5,150
2021-03-26,Region_5,162
2021-03-27,Region_5,146
2021-03-28,Region_5,119
2021-03-29,Region_5,152
2021-03-30,Region_5,143
2021-03-31,Region_5,168
2021-04-01,Region_5,150
2021-04-02,Region_5,156
2021-04-03,Region_5,169
2021-04-04,Region_5,138
2021-04-05,Region_5,154
2021-04-06,Region_5,157
2021-04-07,Region_5,139
2021-04-08,Region_5,143
2021-04-09,Region_5,160
2021-04-10,Region_5,154
2021-04-11,Region_5,147
2021-04-12,Region_5,164
2021-04-13,Region_5,150
2021-04-14,Region_5,172
2021-04-15,Region_5,146
2021-04-16,Region_5,146
2021-04-17,Region_5,167
2021-04-18,Region_5,144
2021-04-19,Region_5,160
2021-04-20,Region_5,149
2021-04-21,Region_5,135
2021-04-22,Region_5,152
2021-04-23,Region_5,137
2021-04-24,Region_5,103
2021-04-25,Region_5,156
2021-04-26,Region_5,142
2021-04-27,Region_5,144
2021-04-28,Region_5,158
2021-04-29,Region_5,122
2021-04-30,Region_5,134
2021-05-01,Region_5,140
2021-05-02,Region_5,167
2021-05-03,Region_5,147
2021-05-04,Region_5,141
2021-05-05,Region_5,131
2021-05-06,Region_5,163
2021-05-07,Region_5,126
2021-05-08,Region_5,141
2021-05-09,Region_5,141
2021-05-10,Region_5,134
2021-05-11,Region_5,122
2021-05-12,Region_5,153
2021-05-13,Region_5,136
2021-05-14,Region_5,148
2021-05-15,Region_5,145
2021-05-16,Region_5,137
2021-05-17,Region_5,149
2021-05-18,Region_5,126
2021-05-19,Region_5,140
2021-05-20,Region_5,125
2021-05-21,Region_5,95
2021-05-22,Region_5,142
2021-05-23,Region_5,145
2021-05-24,Region_5,124
2021-05-25,Region_5,141
2021-05-26,Region_5,147
2021-05-27,Region_5,129
2021-05-28,Region_5,163
2021-05-29,Region_5,113
2021-05-30,Region_5,141
2021-05-31,Region_5,123
2021-06-01,Region_5,138
2021-06-02,Region_5,135
2021-06-03,Region_5,101
2021-06-04,Region_5,121
2021-06-05,Region_5,118
2021-06-06,Region_5,122
2021-06-07,Region_5,114
2021-06-08,Region_5,129
2021-06-09,Region_5,122
2021-06-10,Region_5,103
2021-06-11,Region_5,121
2021-06-12,Region_5,107
2021-06-13,Region_5,96
2021-06-14,Region_5,129
2021-06-15,Region_5,103
2021-06-16,Region_5,112
2021-06-17,Region_5,104
2021-06-18,Region_5,99
2021-06-19,Region_5,108
2021-06-20,Region_5,97
2021-06-21,Region_5,97
2021-06-22,Region_5,117
2021-06-23,Region_5,100
2021-06-24,Region_5,119
2021-06-25,Region_5,122
2021-06-26,Region_5,111
2021-06-27,Region_5,101
2021-06-28,Region_5,103
2021-06-29,Region_5,93
2021-06-30,Region_5,77
2021-07-01,Region_5,108
2021-07-02,Region_5,86
2021-07-03,Region_5,112
2021-07-04,Region_5,95
2021-07-05,Region_5,106
2021-07-06,Region_5,77
2021-07-07,Region_5,86
2021-07-08,Region_5,90
2021-07-09,Region_5,97
2021-07-10,Region_5,93
2021-07-11,Region_5,90
2021-07-12,Region_5,75
2021-07-13,Region_5,99
2021-07-14,Region_5,87
2021-07-15,Region_5,81
2021-07-16,Region_5,80
2021-07-17,Region_5,79
2021-07-18,Region_5,73
2021-07-19,Region_5,79
2021-07-20,Region_5,74
2021-07-21,Region_5,79
2021-07-22,Region_5,72
2021-07-23,Region_5,69
2021-07-24,Region_5,73
2021-07-25,Region_5,57
2021-07-26,Region_5,71
2021-07-27,Region_5,66
2021-07-28,Region_5,66
2021-07-29,Region_5,70
2021-07-30,Region_5,60
2021-07-31,Region_5,65
2021-08-01,Region_5,64
2021-08-02,Region_5,75
2021-08-03,Region_5,59
2021-08-04,Region_5,55
2021-08-05,Region_5,62
2021-08-06,Region_5,59
2021-08-07,Region_5,72
2021-08-08,Region_5,58
2021-08-09,Region_5,66
2021-08-10,Region_5,60
2021-08-11,Region_5,64
2021-08-12,Region_5,58
2021-08-13,Region_5,66
2021-08-14,Region_5,61
2021-08-15,Region_5,51
2021-08-16,Region_5,47
2021-08-17,Region_5,46
2021-08-18,Region_5,54
2021-08-19,Region_5,46
2021-08-20,Region_5,63
2021-08-21,Region_5,61
2021-08-22,Region_5,50
2021-08-23,Region_5,43
2021-08-24,Region_5,48
2021-08-25,Region_5,46
2021-08-26,Region_5,46
2021-08-27,Region_5,46
2021-08-28,Region_5,45
2021-08-29,Region_5,45
2021-08-30,Region_5,48
2021-08-31,Region_5,48
2021-09-01,Region_5,43
2021-09-02,Region_5,49
2021-09-03,Region_5,44
2021-09-04,Region_5,45
2021-09-05,Region_5,42
2021-09-06,Region_5,42
2021-09-07,Region_5,55
2021-09-08,Region_5,48
2021-09-09,Region_5,55
2021-09-10,Region_5,47
2021-09-11,Region_5,52
2021-09-12,Region_5,37
2021-09-13,Region_5,37
2021-09-14,Region_5,34
2021-09-15,Region_5,42
2021-09-16,Region_5,41
2021-09-17,Region_5,41
2021-09-18,Region_5,40
2021-09-19,Region_5,45
2021-09-20,Region_5,39
2021-09-21,Region_5,39
2021-09-22,Region_5,36
2021-09-23,Region_5,48
2021-09-24,Region_5,38
2021-09-25,Region_5,37
2021-09-26,Region_5,39
2021-09-27,Region_5,37
2021-09-28,Region_5,50
2021-09-29,Region_5,38
2021-09-30,Region_5,41
2021-10-01,Region_5,51
2021-10-02,Region_5,42
2021-10-03,Region_5,45
2021-10-04,Region_5,44
2021-10-05,Region_5,47
2021-10-06,Region_5,46
2021-10-07,Region_5,40
2021-10-08,Region_5,44
2021-10-09,Region_5,46
2021-10-10,Region_5,35
2021-10-11,Region_5,46
2021-10-12,Region_5,45
2021-10-13,Region_5,44
2021-10-14,Region_5,49
2021-10-15,Region_5,37
2021-10-16,Region_5,36
2021-10-17,Region_5,51
2021-10-18,Region_5,54
2021-10-19,Region_5,43
2021-10-20,Region_5,49
2021-10-21,Region_5,53
2021-10-22,Region_5,60
2021-10-23,Region_5,46
2021-10-24,Region_5,54
2021-10-25,Region_5,45
2021-10-26,Region_5,46
2021-10-27,Region_5,49
2021-10-28,Region_5,51
2021-10-29,Region_5,50
2021-10-30,Region_5,61
2021-10-31,Region_5,45
2021-11-01,Region_5,60
2021-11-02,Region_5,59
2021-11-03,Region_5,63
2021-11-04,Region_5,67
2021-11-05,Region_5,63
2021-11-06,Region_5,53
2021-11-07,Region_5,57
2021-11-08,Region_5,61
2021-11-09,Region_5,54
2021-11-10,Region_5,55
2021-11-11,Region_5,89
2021-11-12,Region_5,103
2021-11-13,Region_5,101
2021-11-14,Region_5,117
2021-11-15,Region_5,124
2021-11-16,Region_5,132
2021-11-17,Region_5,120
2021-11-18,Region_5,124
2021-11-19,Region_5,110
2021-11-20,Region_5,123
2021-11-21,Region_5,102
2021-11-22,Region_5,134
2021-11-23,Region_5,126
2021-11-24,Region_5,103
2021-11-25,Region_5,101
2021-11-26,Region_5,97
2021-11-27,Region_5,83
2021-11-28,Region_5,88
2021-11-29,Region_5,79
2021-11-30,Region_5,70
2021-12-01,Region_5,83
2021-12-02,Region_5,95
2021-12-03,Region_5,95
2021-12-04,Region_5,88
2021-12-05,Region_5,86
2021-12-06,Region_5,106
2021-12-07,Region_5,104
2021-12-08,Region_5,80
2021-12-09,Region_5,72
2021-12-10,Region_5,118
2021-12-11,Region_5,96
2021-12-12,Region_5,88
2021-12-13,Region_5,98
2021-12-14,Region_5,108
2021-12-15,Region_5,101
2021-12-16,Region_5,112
2021-12-17,Region_5,110
2021-12-18,Region_5,102
2021-12-19,Region_5,114
2021-12-20,Region_5,104
2021-12-21,Region_5,105
2021-12-22,Region_5,117
2021-12-23,Region_5,136
2021-12-24,Region_5,114
2021-12-25,Region_5,122
2021-12-26,Region_5,106
2021-12-27,Region_5,116
2021-12-28,Region_5,98
2021-12-29,Region_5,122
2021-12-30,Region_5,120
