date,region,viral_load
2019-12-25,Region_1,93.72
2019-12-26,Region_1,166.49
2019-12-27,Region_1,138.1
2019-12-28,Region_1,228.91
2019-12-29,Region_1,174.42
2019-12-30,Region_1,122.8
2019-12-31,Region_1,150.03
2020-01-01,Region_1,158.92
2020-01-02,Region_1,73.02
2020-01-03,Region_1,207.54
2020-01-04,Region_1,146.89
2020-01-05,Region_1,162.85
2020-01-06,Region_1,148.12
2020-01-07,Region_1,205.41
2020-01-08,Region_1,103.46
2020-01-09,Region_1,162.66
2020-01-10,Region_1,146.56
2020-01-11,Region_1,199.26
2020-01-12,Region_1,121.95
2020-01-13,Region_1,167.93
2020-01-14,Region_1,242.07
2020-01-15,Region_1,193.57
2020-01-16,Region_1,293.12
2020-01-17,Region_1,311.45
2020-01-18,Region_1,280.81
2020-01-19,Region_1,196.94
2020-01-20,Region_1,271.24
2020-01-21,Region_1,201.32
2020-01-22,Region_1,300.8
2020-01-23,Region_1,212.26
2020-01-24,Region_1,169.98
2020-01-25,Region_1,234.07
2020-01-26,Region_1,286.2
2020-01-27,Region_1,174.19
2020-01-28,Region_1,100.18
2020-01-29,Region_1,199.58
2020-01-30,Region_1,252.52
2020-01-31,Region_1,225.71
2020-02-01,Region_1,191.17
2020-02-02,Region_1,144.18
2020-02-03,Region_1,195.06
2020-02-04,Region_1,373.37
2020-02-05,Region_1,157.54
2020-02-06,Region_1,316.25
2020-02-07,Region_1,302.4
2020-02-08,Region_1,205.67
2020-02-09,Region_1,247.93
2020-02-10,Region_1,398.97
2020-02-11,Region_1,335.21
2020-02-12,Region_1,227.55
2020-02-13,Region_1,147.12
2020-02-14,Region_1,252.69
2020-02-15,Region_1,269.11
2020-02-16,Region_1,217.54
2020-02-17,Region_1,153.28
2020-02-18,Region_1,239.93
2020-02-19,Region_1,351.69
2020-02-20,Region_1,309.59
2020-02-21,Region_1,281.75
2020-02-22,Region_1,349.05
2020-02-23,Region_1,220.41
2020-02-24,Region_1,237.52
2020-02-25,Region_1,311.87
2020-02-26,Region_1,375.62
2020-02-27,Region_1,346.29
2020-02-28,Region_1,303.48
2020-02-29,Region_1,324.27
2020-03-01,Region_1,410.9
2020-03-02,Region_1,261.16
2020-03-03,Region_1,265.03
2020-03-04,Region_1,238.24
2020-03-05,Region_1,378.67
2020-03-06,Region_1,247.03
2020-03-07,Region_1,282.02
2020-03-08,Region_1,242.06
2020-03-09,Region_1,414.54
2020-03-10,Region_1,580.02
2020-03-11,Region_1,524.22
2020-03-12,Region_1,827.0
2020-03-13,Region_1,774.52
2020-03-14,Region_1,706.94
2020-03-15,Region_1,1397.96
2020-03-16,Region_1,635.19
2020-03-17,Region_1,1178.56
2020-03-18,Region_1,1247.39
2020-03-19,Region_1,1694.14
2020-03-20,Region_1,942.38
2020-03-21,Region_1,1096.94
2020-03-22,Region_1,936.56
2020-03-23,Region_1,740.58
2020-03-24,Region_1,617.8
2020-03-25,Region_1,809.98
2020-03-26,Region_1,1093.32
2020-03-27,Region_1,614.31
2020-03-28,Region_1,486.87
2020-03-29,Region_1,499.87
2020-03-30,Region_1,341.83
2020-03-31,Region_1,481.72
2020-04-01,Region_1,457.43
2020-04-02,Region_1,256.56
2020-04-03,Region_1,177.8
2020-04-04,Region_1,379.86
2020-04-05,Region_1,415.87
2020-04-06,Region_1,421.93
2020-04-07,Region_1,397.18
2020-04-08,Region_1,486.74
2020-04-09,Region_1,341.2
2020-04-10,Region_1,407.14
2020-04-11,Region_1,380.33
2020-04-12,Region_1,267.81
2020-04-13,Region_1,433.02
2020-04-14,Region_1,346.73
2020-04-15,Region_1,348.58
2020-04-16,Region_1,306.89
2020-04-17,Region_1,281.97
2020-04-18,Region_1,413.28
2020-04-19,Region_1,542.89
2020-04-20,Region_1,328.56
2020-04-21,Region_1,423.61
2020-04-22,Region_1,262.1
2020-04-23,Region_1,324.38
2020-04-24,Region_1,443.86
2020-04-25,Region_1,313.1
2020-04-26,Region_1,277.33
2020-04-27,Region_1,293.36
2020-04-28,Region_1,332.59
2020-04-29,Region_1,298.37
2020-04-30,Region_1,449.42
2020-05-01,Region_1,336.44
2020-05-02,Region_1,395.49
2020-05-03,Region_1,378.62
2020-05-04,Region_1,356.18
2020-05-05,Region_1,228.24
2020-05-06,Region_1,301.27
2020-05-07,Region_1,332.78
2020-05-08,Region_1,342.62
2020-05-09,Region_1,239.77
2020-05-10,Region_1,229.17
2020-05-11,Region_1,289.88
2020-05-12,Region_1,393.24
2020-05-13,Region_1,294.48
2020-05-14,Region_1,339.36
2020-05-15,Region_1,335.47
2020-05-16,Region_1,221.68
2020-05-17,Region_1,290.36
2020-05-18,Region_1,344.3
2020-05-19,Region_1,292.88
2020-05-20,Region_1,379.93
2020-05-21,Region_1,307.27
2020-05-22,Region_1,204.23
2020-05-23,Region_1,223.26
2020-05-24,Region_1,394.18
2020-05-25,Region_1,341.69
2020-05-26,Region_1,381.22
2020-05-27,Region_1,204.28
2020-05-28,Region_1,410.36
2020-05-29,Region_1,245.57
2020-05-30,Region_1,343.47
2020-05-31,Region_1,216.72
2020-06-01,Region_1,306.36
2020-06-02,Region_1,335.6
2020-06-03,Region_1,221.42
2020-06-04,Region_1,470.12
2020-06-05,Region_1,339.8
2020-06-06,Region_1,223.86
2020-06-07,Region_1,226.58
2020-06-08,Region_1,166.26
2020-06-09,Region_1,185.58
2020-06-10,Region_1,386.26
2020-06-11,Region_1,344.21
2020-06-12,Region_1,214.52
2020-06-13,Region_1,189.11
2020-06-14,Region_1,237.83
2020-06-15,Region_1,322.19
2020-06-16,Region_1,279.39
2020-06-17,Region_1,252.02
2020-06-18,Region_1,255.24
2020-06-19,Region_1,173.85
2020-06-20,Region_1,312.86
2020-06-21,Region_1,229.0
2020-06-22,Region_1,248.79
2020-06-23,Region_1,251.56
2020-06-24,Region_1,233.0
2020-06-25,Region_1,237.69
2020-06-26,Region_1,183.36
2020-06-27,Region_1,340.19
2020-06-28,Region_1,206.0
2020-06-29,Region_1,256.32
2020-06-30,Region_1,248.86
2020-07-01,Region_1,254.47
2020-07-02,Region_1,193.23
2020-07-03,Region_1,268.87
2020-07-04,Region_1,198.91
2020-07-05,Region_1,189.38
2020-07-06,Region_1,252.41
2020-07-07,Region_1,170.03
2020-07-08,Region_1,297.95
2020-07-09,Region_1,238.61
2020-07-10,Region_1,328.34
2020-07-11,Region_1,207.66
2020-07-12,Region_1,259.69
2020-07-13,Region_1,106.7
2020-07-14,Region_1,188.32
2020-07-15,Region_1,269.66
2020-07-16,Region_1,237.83
2020-07-17,Region_1,289.87
2020-07-18,Region_1,316.57
2020-07-19,Region_1,253.96
2020-07-20,Region_1,203.1
2020-07-21,Region_1,212.89
2020-07-22,Region_1,356.15
2020-07-23,Region_1,174.95
2020-07-24,Region_1,230.95
2020-07-25,Region_1,252.38
2020-07-26,Region_1,179.22
2020-07-27,Region_1,189.08
2020-07-28,Region_1,208.63
2020-07-29,Region_1,185.08
2020-07-30,Region_1,215.38
2020-07-31,Region_1,243.11
2020-08-01,Region_1,140.39
2020-08-02,Region_1,238.53
2020-08-03,Region_1,135.77
2020-08-04,Region_1,174.12
2020-08-05,Region_1,131.87
2020-08-06,Region_1,217.19
2020-08-07,Region_1,139.5
2020-08-08,Region_1,178.29
2020-08-09,Region_1,162.86
2020-08-10,Region_1,160.69
2020-08-11,Region_1,144.44
2020-08-12,Region_1,167.6
2020-08-13,Region_1,162.64
2020-08-14,Region_1,82.12
2020-08-15,Region_1,182.65
2020-08-16,Region_1,235.54
2020-08-17,Region_1,150.83
2020-08-18,Region_1,173.74
2020-08-19,Region_1,289.58
2020-08-20,Region_1,109.83
2020-08-21,Region_1,202.55
2020-08-22,Region_1,177.19
2020-08-23,Region_1,125.58
2020-08-24,Region_1,290.31
2020-08-25,Region_1,224.03
2020-08-26,Region_1,187.32
2020-08-27,Region_1,247.42
2020-08-28,Region_1,102.05
2020-08-29,Region_1,346.81
2020-08-30,Region_1,272.18
2020-08-31,Region_1,77.73
2020-09-01,Region_1,93.28
2020-09-02,Region_1,203.67
2020-09-03,Region_1,182.62
2020-09-04,Region_1,144.06
2020-09-05,Region_1,312.12
2020-09-06,Region_1,186.67
2020-09-07,Region_1,85.53
2020-09-08,Region_1,111.77
2020-09-09,Region_1,146.05
2020-09-10,Region_1,183.39
2020-09-11,Region_1,152.16
2020-09-12,Region_1,209.15
2020-09-13,Region_1,294.4
2020-09-14,Region_1,198.7
2020-09-15,Region_1,215.53
2020-09-16,Region_1,177.95
2020-09-17,Region_1,158.8
2020-09-18,Region_1,134.64
2020-09-19,Region_1,171.69
2020-09-20,Region_1,153.97
2020-09-21,Region_1,158.31
2020-09-22,Region_1,177.26
2020-09-23,Region_1,164.56
2020-09-24,Region_1,115.59
2020-09-25,Region_1,108.13
2020-09-26,Region_1,81.37
2020-09-27,Region_1,114.38
2020-09-28,Region_1,212.48
2020-09-29,Region_1,149.32
2020-09-30,Region_1,173.94
2020-10-01,Region_1,164.12
2020-10-02,Region_1,196.59
2020-10-03,Region_1,131.2
2020-10-04,Region_1,137.83
2020-10-05,Region_1,178.35
2020-10-06,Region_1,119.84
2020-10-07,Region_1,290.41
2020-10-08,Region_1,197.07
2020-10-09,Region_1,199.56
2020-10-10,Region_1,232.3
2020-10-11,Region_1,255.11
2020-10-12,Region_1,142.93
2020-10-13,Region_1,123.77
2020-10-14,Region_1,154.71
2020-10-15,Region_1,204.01
2020-10-16,Region_1,126.01
2020-10-17,Region_1,229.29
2020-10-18,Region_1,260.78
2020-10-19,Region_1,187.42
2020-10-20,Region_1,107.17
2020-10-21,Region_1,221.18
2020-10-22,Region_1,177.9
2020-10-23,Region_1,149.69
2020-10-24,Region_1,192.25
2020-10-25,Region_1,212.86
2020-10-26,Region_1,206.98
2020-10-27,Region_1,172.53
2020-10-28,Region_1,222.36
2020-10-29,Region_1,320.63
2020-10-30,Region_1,220.36
2020-10-31,Region_1,260.89
2020-11-01,Region_1,180.55
2020-11-02,Region_1,193.49
2020-11-03,Region_1,253.93
2020-11-04,Region_1,180.36
2020-11-05,Region_1,226.3
2020-11-06,Region_1,367.02
2020-11-07,Region_1,244.68
2020-11-08,Region_1,192.54
2020-11-09,Region_1,190.0
2020-11-10,Region_1,332.54
2020-11-11,Region_1,202.63
2020-11-12,Region_1,368.2
2020-11-13,Region_1,412.97
2020-11-14,Region_1,300.85
2020-11-15,Region_1,265.07
2020-11-16,Region_1,197.8
2020-11-17,Region_1,236.77
2020-11-18,Region_1,291.16
2020-11-19,Region_1,279.19
2020-11-20,Region_1,191.93
2020-11-21,Region_1,265.55
2020-11-22,Region_1,254.63
2020-11-23,Region_1,255.78
2020-11-24,Region_1,351.41
2020-11-25,Region_1,387.03
2020-11-26,Region_1,270.82
2020-11-27,Region_1,240.42
2020-11-28,Region_1,440.3
2020-11-29,Region_1,385.12
2020-11-30,Region_1,270.18
2020-12-01,Region_1,379.34
2020-12-02,Region_1,325.82
2020-12-03,Region_1,241.84
2020-12-04,Region_1,481.08
2020-12-05,Region_1,247.31
2020-12-06,Region_1,322.59
2020-12-07,Region_1,509.17
2020-12-08,Region_1,436.05
2020-12-09,Region_1,460.11
2020-12-10,Region_1,397.4
2020-12-11,Region_1,411.81
2020-12-12,Region_1,326.08
2020-12-13,Region_1,308.35
2020-12-14,Region_1,326.3
2020-12-15,Region_1,367.73
2020-12-16,Region_1,442.66
2020-12-17,Region_1,517.23
2020-12-18,Region_1,399.89
2020-12-19,Region_1,270.61
2020-12-20,Region_1,316.39
2020-12-21,Region_1,468.79
2020-12-22,Region_1,582.66
2020-12-23,Region_1,353.72
2020-12-24,Region_1,324.6
2020-12-25,Region_1,532.99
2020-12-26,Region_1,555.39
2020-12-27,Region_1,637.88
2020-12-28,Region_1,310.43
2020-12-29,Region_1,468.3
2020-12-30,Region_1,265.53
2020-12-31,Region_1,371.2
2021-01-01,Region_1,323.19
2021-01-02,Region_1,545.09
2021-01-03,Region_1,601.93
2021-01-04,Region_1,372.08
2021-01-05,Region_1,545.29
2021-01-06,Region_1,473.47
2021-01-07,Region_1,476.85
2021-01-08,Region_1,283.02
2021-01-09,Region_1,532.62
2021-01-10,Region_1,634.62
2021-01-11,Region_1,454.55
2021-01-12,Region_1,449.77
2021-01-13,Region_1,551.54
2021-01-14,Region_1,400.76
2021-01-15,Region_1,555.47
2021-01-16,Region_1,324.34
2021-01-17,Region_1,352.15
2021-01-18,Region_1,415.83
2021-01-19,Region_1,265.23
2021-01-20,Region_1,615.3
2021-01-21,Region_1,402.01
2021-01-22,Region_1,600.46
2021-01-23,Region_1,484.59
2021-01-24,Region_1,671.04
2021-01-25,Region_1,492.17
2021-01-26,Region_1,568.75
2021-01-27,Region_1,472.17
2021-01-28,Region_1,636.08
2021-01-29,Region_1,459.71
2021-01-30,Region_1,438.29
2021-01-31,Region_1,464.78
2021-02-01,Region_1,401.32
2021-02-02,Region_1,640.24
2021-02-03,Region_1,648.69
2021-02-04,Region_1,625.03
2021-02-05,Region_1,389.3
2021-02-06,Region_1,292.8
2021-02-07,Region_1,628.07
2021-02-08,Region_1,685.97
2021-02-09,Region_1,360.02
2021-02-10,Region_1,610.72
2021-02-11,Region_1,385.66
2021-02-12,Region_1,357.49
2021-02-13,Region_1,626.46
2021-02-14,Region_1,556.47
2021-02-15,Region_1,761.12
2021-02-16,Region_1,495.35
2021-02-17,Region_1,558.73
2021-02-18,Region_1,481.9
2021-02-19,Region_1,622.76
2021-02-20,Region_1,367.35
2021-02-21,Region_1,642.63
2021-02-22,Region_1,377.83
2021-02-23,Region_1,446.07
2021-02-24,Region_1,672.3
2021-02-25,Region_1,489.7
2021-02-26,Region_1,857.66
2021-02-27,Region_1,646.41
2021-02-28,Region_1,747.84
2021-03-01,Region_1,689.98
2021-03-02,Region_1,423.2
2021-03-03,Region_1,428.06
2021-03-04,Region_1,609.4
2021-03-05,Region_1,565.39
2021-03-06,Region_1,613.93
2021-03-07,Region_1,594.26
2021-03-08,Region_1,945.51
2021-03-09,Region_1,718.66
2021-03-10,Region_1,574.36
2021-03-11,Region_1,498.59
2021-03-12,Region_1,812.59
2021-03-13,Region_1,487.58
2021-03-14,Region_1,619.39
2021-03-15,Region_1,643.89
2021-03-16,Region_1,584.46
2021-03-17,Region_1,682.02
2021-03-18,Region_1,842.77
2021-03-19,Region_1,474.74
2021-03-20,Region_1,839.47
2021-03-21,Region_1,886.52
2021-03-22,Region_1,770.12
2021-03-23,Region_1,1037.15
2021-03-24,Region_1,828.0
2021-03-25,Region_1,1157.08
2021-03-26,Region_1,1014.07
2021-03-27,Region_1,1578.46
2021-03-28,Region_1,1639.99
2021-03-29,Region_1,1263.2
2021-03-30,Region_1,1457.9
2021-03-31,Region_1,919.94
2021-04-01,Region_1,650.59
2021-04-02,Region_1,1442.65
2021-04-03,Region_1,1138.55
2021-04-04,Region_1,782.74
2021-04-05,Region_1,1249.74
2021-04-06,Region_1,787.85
2021-04-07,Region_1,1107.01
2021-04-08,Region_1,698.65
2021-04-09,Region_1,592.98
2021-04-10,Region_1,677.89
2021-04-11,Region_1,702.51
2021-04-12,Region_1,1060.12
2021-04-13,Region_1,748.97
2021-04-14,Region_1,575.65
2021-04-15,Region_1,552.24
2021-04-16,Region_1,843.05
2021-04-17,Region_1,731.84
2021-04-18,Region_1,616.53
2021-04-19,Region_1,604.77
2021-04-20,Region_1,546.83
2021-04-21,Region_1,595.97
2021-04-22,Region_1,919.12
2021-04-23,Region_1,268.3
2021-04-24,Region_1,700.66
2021-04-25,Region_1,375.2
2021-04-26,Region_1,913.05
2021-04-27,Region_1,596.1
2021-04-28,Region_1,385.05
2021-04-29,Region_1,679.66
2021-04-30,Region_1,623.73
2021-05-01,Region_1,529.85
2021-05-02,Region_1,465.64
2021-05-03,Region_1,446.65
2021-05-04,Region_1,463.37
2021-05-05,Region_1,665.93
2021-05-06,Region_1,482.06
2021-05-07,Region_1,682.89
2021-05-08,Region_1,287.15
2021-05-09,Region_1,679.81
2021-05-10,Region_1,537.32
2021-05-11,Region_1,377.84
2021-05-12,Region_1,623.45
2021-05-13,Region_1,418.14
2021-05-14,Region_1,721.04
2021-05-15,Region_1,605.07
2021-05-16,Region_1,656.32
2021-05-17,Region_1,363.72
2021-05-18,Region_1,501.58
2021-05-19,Region_1,552.16
2021-05-20,Region_1,588.28
2021-05-21,Region_1,590.63
2021-05-22,Region_1,562.27
2021-05-23,Region_1,573.33
2021-05-24,Region_1,642.63
2021-05-25,Region_1,435.37
2021-05-26,Region_1,545.62
2021-05-27,Region_1,642.92
2021-05-28,Region_1,530.22
2021-05-29,Region_1,473.15
2021-05-30,Region_1,926.56
2021-05-31,Region_1,575.19
2021-06-01,Region_1,536.06
2021-06-02,Region_1,560.33
2021-06-03,Region_1,882.49
2021-06-04,Region_1,478.18
2021-06-05,Region_1,1032.91
2021-06-06,Region_1,367.9
2021-06-07,Region_1,678.0
2021-06-08,Region_1,611.5
2021-06-09,Region_1,444.29
2021-06-10,Region_1,706.96
2021-06-11,Region_1,562.52
2021-06-12,Region_1,655.56
2021-06-13,Region_1,388.65
2021-06-14,Region_1,812.3
2021-06-15,Region_1,420.39
2021-06-16,Region_1,326.21
2021-06-17,Region_1,423.54
2021-06-18,Region_1,517.19
2021-06-19,Region_1,611.44
2021-06-20,Region_1,334.51
2021-06-21,Region_1,536.12
2021-06-22,Region_1,665.09
2021-06-23,Region_1,466.35
2021-06-24,Region_1,504.21
2021-06-25,Region_1,497.79
2021-06-26,Region_1,364.08
2021-06-27,Region_1,405.72
2021-06-28,Region_1,454.24
2021-06-29,Region_1,408.65
2021-06-30,Region_1,282.87
2021-07-01,Region_1,655.32
2021-07-02,Region_1,371.58
2021-07-03,Region_1,520.24
2021-07-04,Region_1,444.63
2021-07-05,Region_1,721.48
2021-07-06,Region_1,420.28
2021-07-07,Region_1,330.13
2021-07-08,Region_1,672.13
2021-07-09,Region_1,481.11
2021-07-10,Region_1,422.07
2021-07-11,Region_1,517.7
2021-07-12,Region_1,788.65
2021-07-13,Region_1,631.04
2021-07-14,Region_1,505.47
2021-07-15,Region_1,441.94
2021-07-16,Region_1,646.23
2021-07-17,Region_1,560.34
2021-07-18,Region_1,568.03
2021-07-19,Region_1,394.75
2021-07-20,Region_1,398.96
2021-07-21,Region_1,675.24
2021-07-22,Region_1,392.22
2021-07-23,Region_1,537.76
2021-07-24,Region_1,536.81
2021-07-25,Region_1,371.06
2021-07-26,Region_1,490.15
2021-07-27,Region_1,302.99
2021-07-28,Region_1,338.51
2021-07-29,Region_1,413.66
2021-07-30,Region_1,431.11
2021-07-31,Region_1,612.44
2021-08-01,Region_1,589.1
2021-08-02,Region_1,573.62
2021-08-03,Region_1,565.07
2021-08-04,Region_1,466.2
2021-08-05,Region_1,671.39
2021-08-06,Region_1,471.37
2021-08-07,Region_1,313.69
2021-08-08,Region_1,380.8
2021-08-09,Region_1,263.57
2021-08-10,Region_1,720.81
2021-08-11,Region_1,454.64
2021-08-12,Region_1,644.66
2021-08-13,Region_1,428.66
2021-08-14,Region_1,472.85
2021-08-15,Region_1,447.67
2021-08-16,Region_1,584.13
2021-08-17,Region_1,571.74
2021-08-18,Region_1,359.87
2021-08-19,Region_1,571.5
2021-08-20,Region_1,453.22
2021-08-21,Region_1,472.24
2021-08-22,Region_1,445.38
2021-08-23,Region_1,422.78
2021-08-24,Region_1,270.78
2021-08-25,Region_1,425.07
2021-08-26,Region_1,446.1
2021-08-27,Region_1,414.54
2021-08-28,Region_1,479.08
2021-08-29,Region_1,376.84
2021-08-30,Region_1,606.12
2021-08-31,Region_1,374.18
2021-09-01,Region_1,558.06
2021-09-02,Region_1,444.33
2021-09-03,Region_1,462.52
2021-09-04,Region_1,432.0
2021-09-05,Region_1,379.9
2021-09-06,Region_1,576.98
2021-09-07,Region_1,385.32
2021-09-08,Region_1,441.73
2021-09-09,Region_1,589.56
2021-09-10,Region_1,605.1
2021-09-11,Region_1,252.64
2021-09-12,Region_1,411.6
2021-09-13,Region_1,268.17
2021-09-14,Region_1,445.37
2021-09-15,Region_1,514.77
2021-09-16,Region_1,583.09
2021-09-17,Region_1,489.45
2021-09-18,Region_1,384.17
2021-09-19,Region_1,559.2
2021-09-20,Region_1,557.15
2021-09-21,Region_1,659.52
2021-09-22,Region_1,347.99
2021-09-23,Region_1,307.57
2021-09-24,Region_1,282.37
2021-09-25,Region_1,527.21
2021-09-26,Region_1,227.77
2021-09-27,Region_1,422.54
2021-09-28,Region_1,618.42
2021-09-29,Region_1,613.18
2021-09-30,Region_1,491.9
2021-10-01,Region_1,403.96
2021-10-02,Region_1,535.49
2021-10-03,Region_1,399.61
2021-10-04,Region_1,560.72
2021-10-05,Region_1,364.81
2021-10-06,Region_1,489.91
2021-10-07,Region_1,598.37
2021-10-08,Region_1,519.11
2021-10-09,Region_1,409.02
2021-10-10,Region_1,524.54
2021-10-11,Region_1,362.69
2021-10-12,Region_1,718.72
2021-10-13,Region_1,599.01
2021-10-14,Region_1,796.81
2021-10-15,Region_1,773.47
2021-10-16,Region_1,1067.46
2021-10-17,Region_1,764.48
2021-10-18,Region_1,1197.72
2021-10-19,Region_1,1628.65
2021-10-20,Region_1,869.4
2021-10-21,Region_1,1038.88
2021-10-22,Region_1,1089.74
2021-10-23,Region_1,900.69
2021-10-24,Region_1,708.61
2021-10-25,Region_1,708.61
2021-10-26,Region_1,391.31
2021-10-27,Region_1,462.61
2021-10-28,Region_1,285.92
2021-10-29,Region_1,335.35
2021-10-30,Region_1,828.47
2021-10-31,Region_1,326.35
2021-11-01,Region_1,518.69
2021-11-02,Region_1,438.14
2021-11-03,Region_1,441.27
2021-11-04,Region_1,660.84
2021-11-05,Region_1,723.79
2021-11-06,Region_1,602.75
2021-11-07,Region_1,447.78
2021-11-08,Region_1,717.53
2021-11-09,Region_1,430.8
2021-11-10,Region_1,374.74
2021-11-11,Region_1,395.38
2021-11-12,Region_1,603.18
2021-11-13,Region_1,529.6
2021-11-14,Region_1,635.63
2021-11-15,Region_1,723.21
2021-11-16,Region_1,431.84
2021-11-17,Region_1,323.21
2021-11-18,Region_1,642.06
2021-11-19,Region_1,722.08
2021-11-20,Region_1,687.15
2021-11-21,Region_1,656.23
2021-11-22,Region_1,685.39
2021-11-23,Region_1,628.25
2021-11-24,Region_1,638.81
2021-11-25,Region_1,678.57
2021-11-26,Region_1,826.22
2021-11-27,Region_1,454.15
2021-11-28,Region_1,423.4
2021-11-29,Region_1,657.54
2021-11-30,Region_1,753.65
2021-12-01,Region_1,643.29
2021-12-02,Region_1,920.79
2021-12-03,Region_1,622.01
2021-12-04,Region_1,724.12
2021-12-05,Region_1,627.16
2021-12-06,Region_1,608.8
2021-12-07,Region_1,594.37
2021-12-08,Region_1,396.48
2021-12-09,Region_1,926.61
2021-12-10,Region_1,859.36
2021-12-11,Region_1,438.1
2021-12-12,Region_1,748.46
2021-12-13,Region_1,513.7
2021-12-14,Region_1,686.31
2021-12-15,Region_1,1092.9
2021-12-16,Region_1,526.17
2021-12-17,Region_1,578.04
2021-12-18,Region_1,693.18
2021-12-19,Region_1,622.28
2021-12-20,Region_1,560.94
2021-12-21,Region_1,904.7
2021-12-22,Region_1,520.08
2021-12-23,Region_1,375.12
2019-12-25,Region_2,180.89
2019-12-26,Region_2,250.48
2019-12-27,Region_2,136.6
2019-12-28,Region_2,291.62
2019-12-29,Region_2,229.11
2019-12-30,Region_2,247.61
2019-12-31,Region_2,335.4
2020-01-01,Region_2,316.1
2020-01-02,Region_2,253.64
2020-01-03,Region_2,279.19
2020-01-04,Region_2,413.57
2020-01-05,Region_2,515.86
2020-01-06,Region_2,497.53
2020-01-07,Region_2,299.7
2020-01-08,Region_2,294.46
2020-01-09,Region_2,330.55
2020-01-10,Region_2,443.46
2020-01-11,Region_2,342.17
2020-01-12,Region_2,460.11
2020-01-13,Region_2,594.28
2020-01-14,Region_2,591.51
2020-01-15,Region_2,362.59
2020-01-16,Region_2,466.35
2020-01-17,Region_2,281.22
2020-01-18,Region_2,336.92
2020-01-19,Region_2,360.03
2020-01-20,Region_2,708.11
2020-01-21,Region_2,598.77
2020-01-22,Region_2,847.77
2020-01-23,Region_2,534.1
2020-01-24,Region_2,441.73
2020-01-25,Region_2,587.95
2020-01-26,Region_2,525.14
2020-01-27,Region_2,470.73
2020-01-28,Region_2,618.52
2020-01-29,Region_2,501.52
2020-01-30,Region_2,682.21
2020-01-31,Region_2,426.07
2020-02-01,Region_2,884.02
2020-02-02,Region_2,599.58
2020-02-03,Region_2,735.81
2020-02-04,Region_2,448.53
2020-02-05,Region_2,407.87
2020-02-06,Region_2,651.86
2020-02-07,Region_2,690.6
2020-02-08,Region_2,448.35
2020-02-09,Region_2,398.79
2020-02-10,Region_2,603.47
2020-02-11,Region_2,644.72
2020-02-12,Region_2,454.41
2020-02-13,Region_2,676.77
2020-02-14,Region_2,547.67
2020-02-15,Region_2,576.5
2020-02-16,Region_2,516.18
2020-02-17,Region_2,839.19
2020-02-18,Region_2,804.02
2020-02-19,Region_2,679.91
2020-02-20,Region_2,489.14
2020-02-21,Region_2,780.99
2020-02-22,Region_2,548.27
2020-02-23,Region_2,460.21
2020-02-24,Region_2,786.34
2020-02-25,Region_2,953.42
2020-02-26,Region_2,876.16
2020-02-27,Region_2,1001.43
2020-02-28,Region_2,722.25
2020-02-29,Region_2,777.34
2020-03-01,Region_2,620.66
2020-03-02,Region_2,909.15
2020-03-03,Region_2,679.35
2020-03-04,Region_2,733.12
2020-03-05,Region_2,783.58
2020-03-06,Region_2,524.44
2020-03-07,Region_2,1047.75
2020-03-08,Region_2,551.32
2020-03-09,Region_2,430.24
2020-03-10,Region_2,358.11
2020-03-11,Region_2,993.47
2020-03-12,Region_2,891.09
2020-03-13,Region_2,518.06
2020-03-14,Region_2,329.93
2020-03-15,Region_2,790.98
2020-03-16,Region_2,1131.3
2020-03-17,Region_2,708.62
2020-03-18,Region_2,686.58
2020-03-19,Region_2,692.79
2020-03-20,Region_2,679.05
2020-03-21,Region_2,1194.9
2020-03-22,Region_2,1308.58
2020-03-23,Region_2,714.49
2020-03-24,Region_2,411.05
2020-03-25,Region_2,1242.95
2020-03-26,Region_2,628.43
2020-03-27,Region_2,701.19
2020-03-28,Region_2,847.26
2020-03-29,Region_2,750.8
2020-03-30,Region_2,452.33
2020-03-31,Region_2,1153.65
2020-04-01,Region_2,1069.67
2020-04-02,Region_2,1148.77
2020-04-03,Region_2,1315.62
2020-04-04,Region_2,999.71
2020-04-05,Region_2,521.8
2020-04-06,Region_2,939.9
2020-04-07,Region_2,916.3
2020-04-08,Region_2,1406.13
2020-04-09,Region_2,1277.33
2020-04-10,Region_2,975.9
2020-04-11,Region_2,1031.15
2020-04-12,Region_2,719.99
2020-04-13,Region_2,1502.06
2020-04-14,Region_2,1331.92
2020-04-15,Region_2,1291.76
2020-04-16,Region_2,1123.92
2020-04-17,Region_2,1613.37
2020-04-18,Region_2,1608.54
2020-04-19,Region_2,998.77
2020-04-20,Region_2,1339.13
2020-04-21,Region_2,1384.68
2020-04-22,Region_2,1166.87
2020-04-23,Region_2,1084.26
2020-04-24,Region_2,1213.49
2020-04-25,Region_2,1161.06
2020-04-26,Region_2,1105.52
2020-04-27,Region_2,1070.13
2020-04-28,Region_2,747.57
2020-04-29,Region_2,1049.6
2020-04-30,Region_2,645.88
2020-05-01,Region_2,999.94
2020-05-02,Region_2,770.68
2020-05-03,Region_2,514.87
2020-05-04,Region_2,1122.94
2020-05-05,Region_2,503.65
2020-05-06,Region_2,687.68
2020-05-07,Region_2,519.74
2020-05-08,Region_2,893.41
2020-05-09,Region_2,873.73
2020-05-10,Region_2,641.62
2020-05-11,Region_2,708.47
2020-05-12,Region_2,654.6
2020-05-13,Region_2,292.89
2020-05-14,Region_2,444.45
2020-05-15,Region_2,531.27
2020-05-16,Region_2,459.71
2020-05-17,Region_2,524.13
2020-05-18,Region_2,729.0
2020-05-19,Region_2,637.59
2020-05-20,Region_2,900.26
2020-05-21,Region_2,554.19
2020-05-22,Region_2,510.04
2020-05-23,Region_2,881.14
2020-05-24,Region_2,320.51
2020-05-25,Region_2,490.86
2020-05-26,Region_2,556.45
2020-05-27,Region_2,623.2
2020-05-28,Region_2,577.25
2020-05-29,Region_2,575.9
2020-05-30,Region_2,657.05
2020-05-31,Region_2,548.07
2020-06-01,Region_2,516.34
2020-06-02,Region_2,421.43
2020-06-03,Region_2,621.45
2020-06-04,Region_2,426.79
2020-06-05,Region_2,653.7
2020-06-06,Region_2,507.49
2020-06-07,Region_2,424.59
2020-06-08,Region_2,487.12
2020-06-09,Region_2,367.95
2020-06-10,Region_2,344.0
2020-06-11,Region_2,398.91
2020-06-12,Region_2,406.31
2020-06-13,Region_2,359.94
2020-06-14,Region_2,428.95
2020-06-15,Region_2,385.13
2020-06-16,Region_2,466.97
2020-06-17,Region_2,259.29
2020-06-18,Region_2,287.44
2020-06-19,Region_2,459.56
2020-06-20,Region_2,393.6
2020-06-21,Region_2,327.22
2020-06-22,Region_2,326.44
2020-06-23,Region_2,264.91
2020-06-24,Region_2,347.28
2020-06-25,Region_2,388.34
2020-06-26,Region_2,245.78
2020-06-27,Region_2,290.31
2020-06-28,Region_2,280.29
2020-06-29,Region_2,510.38
2020-06-30,Region_2,202.32
2020-07-01,Region_2,273.23
2020-07-02,Region_2,170.86
2020-07-03,Region_2,259.19
2020-07-04,Region_2,243.95
2020-07-05,Region_2,251.21
2020-07-06,Region_2,127.88
2020-07-07,Region_2,238.52
2020-07-08,Region_2,173.61
2020-07-09,Region_2,264.45
2020-07-10,Region_2,233.22
2020-07-11,Region_2,268.8
2020-07-12,Region_2,158.18
2020-07-13,Region_2,182.83
2020-07-14,Region_2,83.88
2020-07-15,Region_2,220.29
2020-07-16,Region_2,106.72
2020-07-17,Region_2,192.31
2020-07-18,Region_2,138.56
2020-07-19,Region_2,66.89
2020-07-20,Region_2,75.69
2020-07-21,Region_2,115.11
2020-07-22,Region_2,90.44
2020-07-23,Region_2,27.54
2020-07-24,Region_2,49.98
2020-07-25,Region_2,109.77
2020-07-26,Region_2,41.93
2020-07-27,Region_2,43.85
2020-07-28,Region_2,33.17
2020-07-29,Region_2,27.65
2020-07-30,Region_2,16.84
2020-07-31,Region_2,20.29
2020-08-01,Region_2,0.0
2020-08-02,Region_2,0.0
2020-08-03,Region_2,0.0
2020-08-04,Region_2,0.0
2020-08-05,Region_2,0.0
2020-08-06,Region_2,0.0
2020-08-07,Region_2,0.0
2020-08-08,Region_2,0.0
2020-08-09,Region_2,0.0
2020-08-10,Region_2,0.0
2020-08-11,Region_2,0.0
2020-08-12,Region_2,0.0
2020-08-13,Region_2,0.0
2020-08-14,Region_2,0.0
2020-08-15,Region_2,0.0
2020-08-16,Region_2,0.0
2020-08-17,Region_2,0.0
2020-08-18,Region_2,0.0
2020-08-19,Region_2,0.0
2020-08-20,Region_2,0.0
2020-08-21,Region_2,0.0
2020-08-22,Region_2,0.0
2020-08-23,Region_2,0.0
2020-08-24,Region_2,0.0
2020-08-25,Region_2,0.0
2020-08-26,Region_2,0.0
2020-08-27,Region_2,0.0
2020-08-28,Region_2,0.0
2020-08-29,Region_2,0.0
2020-08-30,Region_2,0.0
2020-08-31,Region_2,0.0
2020-09-01,Region_2,0.0
2020-09-02,Region_2,0.0
2020-09-03,Region_2,0.0
2020-09-04,Region_2,0.0
2020-09-05,Region_2,0.0
2020-09-06,Region_2,0.0
2020-09-07,Region_2,0.0
2020-09-08,Region_2,0.0
2020-09-09,Region_2,0.0
2020-09-10,Region_2,0.0
2020-09-11,Region_2,0.0
2020-09-12,Region_2,0.0
2020-09-13,Region_2,0.0
2020-09-14,Region_2,0.0
2020-09-15,Region_2,0.0
2020-09-16,Region_2,0.0
2020-09-17,Region_2,0.0
2020-09-18,Region_2,0.0
2020-09-19,Region_2,0.0
2020-09-20,Region_2,0.0
2020-09-21,Region_2,0.0
2020-09-22,Region_2,0.0
2020-09-23,Region_2,0.0
2020-09-24,Region_2,0.0
2020-09-25,Region_2,0.0
2020-09-26,Region_2,0.0
2020-09-27,Region_2,0.0
2020-09-28,Region_2,0.0
2020-09-29,Region_2,0.0
2020-09-30,Region_2,0.0
2020-10-01,Region_2,0.0
2020-10-02,Region_2,0.0
2020-10-03,Region_2,0.0
2020-10-04,Region_2,0.0
2020-10-05,Region_2,0.0
2020-10-06,Region_2,0.0
2020-10-07,Region_2,0.0
2020-10-08,Region_2,0.0
2020-10-09,Region_2,0.0
2020-10-10,Region_2,0.0
2020-10-11,Region_2,0.0
2020-10-12,Region_2,0.0
2020-10-13,Region_2,0.0
2020-10-14,Region_2,0.0
2020-10-15,Region_2,0.0
2020-10-16,Region_2,0.0
2020-10-17,Region_2,0.0
2020-10-18,Region_2,0.0
2020-10-19,Region_2,0.0
2020-10-20,Region_2,0.0
2020-10-21,Region_2,0.0
2020-10-22,Region_2,0.0
2020-10-23,Region_2,0.0
2020-10-24,Region_2,0.0
2020-10-25,Region_2,0.0
2020-10-26,Region_2,0.0
2020-10-27,Region_2,0.0
2020-10-28,Region_2,0.0
2020-10-29,Region_2,0.0
2020-10-30,Region_2,0.0
2020-10-31,Region_2,0.0
2020-11-01,Region_2,0.0
2020-11-02,Region_2,0.0
2020-11-03,Region_2,0.0
2020-11-04,Region_2,0.0
2020-11-05,Region_2,33.0
2020-11-06,Region_2,12.22
2020-11-07,Region_2,39.38
2020-11-08,Region_2,17.6
2020-11-09,Region_2,33.1
2020-11-10,Region_2,53.93
2020-11-11,Region_2,19.33
2020-11-12,Region_2,4.75
2020-11-13,Region_2,102.29
2020-11-14,Region_2,46.9
2020-11-15,Region_2,67.93
2020-11-16,Region_2,83.47
2020-11-17,Region_2,107.9
2020-11-18,Region_2,98.69
2020-11-19,Region_2,124.88
2020-11-20,Region_2,125.49
2020-11-21,Region_2,107.14
2020-11-22,Region_2,224.43
2020-11-23,Region_2,184.77
2020-11-24,Region_2,198.08
2020-11-25,Region_2,105.09
2020-11-26,Region_2,158.56
2020-11-27,Region_2,229.86
2020-11-28,Region_2,146.51
2020-11-29,Region_2,143.23
2020-11-30,Region_2,179.09
2020-12-01,Region_2,145.52
2020-12-02,Region_2,183.8
2020-12-03,Region_2,252.12
2020-12-04,Region_2,204.19
2020-12-05,Region_2,248.79
2020-12-06,Region_2,163.26
2020-12-07,Region_2,448.75
2020-12-08,Region_2,343.55
2020-12-09,Region_2,330.06
2020-12-10,Region_2,303.51
2020-12-11,Region_2,619.64
2020-12-12,Region_2,427.96
2020-12-13,Region_2,385.7
2020-12-14,Region_2,348.33
2020-12-15,Region_2,302.23
2020-12-16,Region_2,291.03
2020-12-17,Region_2,334.26
2020-12-18,Region_2,348.45
2020-12-19,Region_2,126.72
2020-12-20,Region_2,220.55
2020-12-21,Region_2,502.78
2020-12-22,Region_2,306.6
2020-12-23,Region_2,262.38
2020-12-24,Region_2,281.9
2020-12-25,Region_2,348.29
2020-12-26,Region_2,427.16
2020-12-27,Region_2,380.32
2020-12-28,Region_2,713.15
2020-12-29,Region_2,557.76
2020-12-30,Region_2,394.36
2020-12-31,Region_2,521.62
2021-01-01,Region_2,265.92
2021-01-02,Region_2,395.41
2021-01-03,Region_2,482.31
2021-01-04,Region_2,462.24
2021-01-05,Region_2,578.49
2021-01-06,Region_2,670.76
2021-01-07,Region_2,543.74
2021-01-08,Region_2,715.14
2021-01-09,Region_2,496.9
2021-01-10,Region_2,544.31
2021-01-11,Region_2,554.17
2021-01-12,Region_2,635.91
2021-01-13,Region_2,547.66
2021-01-14,Region_2,383.3
2021-01-15,Region_2,592.91
2021-01-16,Region_2,613.05
2021-01-17,Region_2,623.96
2021-01-18,Region_2,787.34
2021-01-19,Region_2,999.9
2021-01-20,Region_2,793.39
2021-01-21,Region_2,727.46
2021-01-22,Region_2,718.91
2021-01-23,Region_2,837.08
2021-01-24,Region_2,786.54
2021-01-25,Region_2,530.69
2021-01-26,Region_2,721.84
2021-01-27,Region_2,589.89
2021-01-28,Region_2,499.64
2021-01-29,Region_2,845.32
2021-01-30,Region_2,664.84
2021-01-31,Region_2,589.45
2021-02-01,Region_2,568.06
2021-02-02,Region_2,646.19
2021-02-03,Region_2,739.96
2021-02-04,Region_2,817.29
2021-02-05,Region_2,627.76
2021-02-06,Region_2,644.7
2021-02-07,Region_2,564.14
2021-02-08,Region_2,615.49
2021-02-09,Region_2,905.64
2021-02-10,Region_2,370.13
2021-02-11,Region_2,516.46
2021-02-12,Region_2,817.48
2021-02-13,Region_2,951.57
2021-02-14,Region_2,959.14
2021-02-15,Region_2,619.36
2021-02-16,Region_2,887.39
2021-02-17,Region_2,1000.38
2021-02-18,Region_2,824.82
2021-02-19,Region_2,816.88
2021-02-20,Region_2,950.8
2021-02-21,Region_2,741.58
2021-02-22,Region_2,627.5
2021-02-23,Region_2,648.24
2021-02-24,Region_2,1668.8
2021-02-25,Region_2,798.3
2021-02-26,Region_2,459.45
2021-02-27,Region_2,938.66
2021-02-28,Region_2,562.05
2021-03-01,Region_2,801.87
2021-03-02,Region_2,1020.12
2021-03-03,Region_2,870.33
2021-03-04,Region_2,883.61
2021-03-05,Region_2,848.54
2021-03-06,Region_2,777.5
2021-03-07,Region_2,693.29
2021-03-08,Region_2,1145.49
2021-03-09,Region_2,824.8
2021-03-10,Region_2,1467.32
2021-03-11,Region_2,1064.48
2021-03-12,Region_2,936.31
2021-03-13,Region_2,918.11
2021-03-14,Region_2,1103.66
2021-03-15,Region_2,1078.47
2021-03-16,Region_2,1053.1
2021-03-17,Region_2,822.57
2021-03-18,Region_2,1218.5
2021-03-19,Region_2,1044.13
2021-03-20,Region_2,739.25
2021-03-21,Region_2,1139.15
2021-03-22,Region_2,1066.22
2021-03-23,Region_2,1992.37
2021-03-24,Region_2,1197.21
2021-03-25,Region_2,1085.85
2021-03-26,Region_2,1204.22
2021-03-27,Region_2,1914.59
2021-03-28,Region_2,682.04
2021-03-29,Region_2,1813.68
2021-03-30,Region_2,1555.86
2021-03-31,Region_2,1032.76
2021-04-01,Region_2,1690.51
2021-04-02,Region_2,1149.72
2021-04-03,Region_2,1111.36
2021-04-04,Region_2,1911.83
2021-04-05,Region_2,1421.55
2021-04-06,Region_2,688.81
2021-04-07,Region_2,1410.57
2021-04-08,Region_2,1077.45
2021-04-09,Region_2,1052.56
2021-04-10,Region_2,1318.47
2021-04-11,Region_2,800.23
2021-04-12,Region_2,829.15
2021-04-13,Region_2,1086.76
2021-04-14,Region_2,764.71
2021-04-15,Region_2,933.85
2021-04-16,Region_2,792.82
2021-04-17,Region_2,1260.59
2021-04-18,Region_2,1189.72
2021-04-19,Region_2,911.94
2021-04-20,Region_2,979.25
2021-04-21,Region_2,1106.09
2021-04-22,Region_2,937.21
2021-04-23,Region_2,1162.44
2021-04-24,Region_2,791.79
2021-04-25,Region_2,963.19
2021-04-26,Region_2,922.17
2021-04-27,Region_2,668.87
2021-04-28,Region_2,905.64
2021-04-29,Region_2,848.49
2021-04-30,Region_2,845.33
2021-05-01,Region_2,505.08
2021-05-02,Region_2,1195.95
2021-05-03,Region_2,1145.07
2021-05-04,Region_2,665.36
2021-05-05,Region_2,873.47
2021-05-06,Region_2,672.5
2021-05-07,Region_2,674.39
2021-05-08,Region_2,908.58
2021-05-09,Region_2,1274.11
2021-05-10,Region_2,986.65
2021-05-11,Region_2,1033.71
2021-05-12,Region_2,847.63
2021-05-13,Region_2,864.04
2021-05-14,Region_2,574.55
2021-05-15,Region_2,477.64
2021-05-16,Region_2,597.02
2021-05-17,Region_2,687.74
2021-05-18,Region_2,967.24
2021-05-19,Region_2,880.25
2021-05-20,Region_2,911.57
2021-05-21,Region_2,801.35
2021-05-22,Region_2,744.46
2021-05-23,Region_2,679.57
2021-05-24,Region_2,991.91
2021-05-25,Region_2,571.6
2021-05-26,Region_2,839.29
2021-05-27,Region_2,734.55
2021-05-28,Region_2,848.58
2021-05-29,Region_2,736.3
2021-05-30,Region_2,525.04
2021-05-31,Region_2,412.61
2021-06-01,Region_2,536.29
2021-06-02,Region_2,550.46
2021-06-03,Region_2,610.25
2021-06-04,Region_2,738.78
2021-06-05,Region_2,574.39
2021-06-06,Region_2,490.66
2021-06-07,Region_2,465.68
2021-06-08,Region_2,687.64
2021-06-09,Region_2,395.48
2021-06-10,Region_2,790.56
2021-06-11,Region_2,635.14
2021-06-12,Region_2,819.74
2021-06-13,Region_2,716.39
2021-06-14,Region_2,901.09
2021-06-15,Region_2,769.92
2021-06-16,Region_2,648.63
2021-06-17,Region_2,600.08
2021-06-18,Region_2,388.01
2021-06-19,Region_2,932.42
2021-06-20,Region_2,636.23
2021-06-21,Region_2,500.04
2021-06-22,Region_2,606.87
2021-06-23,Region_2,606.47
2021-06-24,Region_2,569.95
2021-06-25,Region_2,579.3
2021-06-26,Region_2,374.54
2021-06-27,Region_2,581.66
2021-06-28,Region_2,353.43
2021-06-29,Region_2,349.32
2021-06-30,Region_2,753.34
2021-07-01,Region_2,412.0
2021-07-02,Region_2,549.79
2021-07-03,Region_2,353.9
2021-07-04,Region_2,407.95
2021-07-05,Region_2,399.21
2021-07-06,Region_2,332.88
2021-07-07,Region_2,328.52
2021-07-08,Region_2,438.33
2021-07-09,Region_2,320.52
2021-07-10,Region_2,320.19
2021-07-11,Region_2,354.38
2021-07-12,Region_2,569.56
2021-07-13,Region_2,169.66
2021-07-14,Region_2,414.82
2021-07-15,Region_2,361.01
2021-07-16,Region_2,292.54
2021-07-17,Region_2,266.23
2021-07-18,Region_2,373.68
2021-07-19,Region_2,185.62
2021-07-20,Region_2,288.33
2021-07-21,Region_2,367.66
2021-07-22,Region_2,403.84
2021-07-23,Region_2,245.68
2021-07-24,Region_2,353.64
2021-07-25,Region_2,188.45
2021-07-26,Region_2,202.88
2021-07-27,Region_2,152.86
2021-07-28,Region_2,190.88
2021-07-29,Region_2,153.02
2021-07-30,Region_2,350.17
2021-07-31,Region_2,72.55
2021-08-01,Region_2,208.95
2021-08-02,Region_2,170.57
2021-08-03,Region_2,140.87
2021-08-04,Region_2,151.73
2021-08-05,Region_2,192.42
2021-08-06,Region_2,147.78
2021-08-07,Region_2,192.88
2021-08-08,Region_2,208.73
2021-08-09,Region_2,144.35
2021-08-10,Region_2,176.72
2021-08-11,Region_2,66.83
2021-08-12,Region_2,121.14
2021-08-13,Region_2,232.43
2021-08-14,Region_2,169.52
2021-08-15,Region_2,83.21
2021-08-16,Region_2,137.83
2021-08-17,Region_2,118.4
2021-08-18,Region_2,67.07
2021-08-19,Region_2,94.88
2021-08-20,Region_2,154.98
2021-08-21,Region_2,63.04
2021-08-22,Region_2,65.68
2021-08-23,Region_2,129.36
2021-08-24,Region_2,45.63
2021-08-25,Region_2,110.96
2021-08-26,Region_2,144.12
2021-08-27,Region_2,112.55
2021-08-28,Region_2,114.43
2021-08-29,Region_2,61.11
2021-08-30,Region_2,38.78
2021-08-31,Region_2,41.94
2021-09-01,Region_2,0.0
2021-09-02,Region_2,65.72
2021-09-03,Region_2,0.0
2021-09-04,Region_2,23.51
2021-09-05,Region_2,85.93
2021-09-06,Region_2,38.14
2021-09-07,Region_2,26.59
2021-09-08,Region_2,32.22
2021-09-09,Region_2,0.0
2021-09-10,Region_2,88.34
2021-09-11,Region_2,51.71
2021-09-12,Region_2,25.22
2021-09-13,Region_2,0.0
2021-09-14,Region_2,15.47
2021-09-15,Region_2,23.21
2021-09-16,Region_2,19.8
2021-09-17,Region_2,4.91
2021-09-18,Region_2,42.09
2021-09-19,Region_2,42.63
2021-09-20,Region_2,47.85
2021-09-21,Region_2,22.34
2021-09-22,Region_2,39.49
2021-09-23,Region_2,16.08
2021-09-24,Region_2,24.16
2021-09-25,Region_2,15.76
2021-09-26,Region_2,4.39
2021-09-27,Region_2,41.81
2021-09-28,Region_2,0.0
2021-09-29,Region_2,64.14
2021-09-30,Region_2,79.57
2021-10-01,Region_2,29.0
2021-10-02,Region_2,58.15
2021-10-03,Region_2,9.99
2021-10-04,Region_2,54.85
2021-10-05,Region_2,42.11
2021-10-06,Region_2,11.52
2021-10-07,Region_2,3.98
2021-10-08,Region_2,80.33
2021-10-09,Region_2,111.54
2021-10-10,Region_2,46.11
2021-10-11,Region_2,35.26
2021-10-12,Region_2,66.88
2021-10-13,Region_2,136.7
2021-10-14,Region_2,117.74
2021-10-15,Region_2,68.79
2021-10-16,Region_2,100.48
2021-10-17,Region_2,58.73
2021-10-18,Region_2,37.23
2021-10-19,Region_2,85.79
2021-10-20,Region_2,33.87
2021-10-21,Region_2,63.02
2021-10-22,Region_2,98.59
2021-10-23,Region_2,62.69
2021-10-24,Region_2,148.58
2021-10-25,Region_2,147.53
2021-10-26,Region_2,90.67
2021-10-27,Region_2,81.88
2021-10-28,Region_2,137.94
2021-10-29,Region_2,148.35
2021-10-30,Region_2,157.03
2021-10-31,Region_2,108.47
2021-11-01,Region_2,209.4
2021-11-02,Region_2,183.55
2021-11-03,Region_2,90.41
2021-11-04,Region_2,139.27
2021-11-05,Region_2,185.68
2021-11-06,Region_2,189.96
2021-11-07,Region_2,169.38
2021-11-08,Region_2,189.09
2021-11-09,Region_2,228.76
2021-11-10,Region_2,193.41
2021-11-11,Region_2,197.12
2021-11-12,Region_2,182.7
2021-11-13,Region_2,216.92
2021-11-14,Region_2,207.15
2021-11-15,Region_2,300.79
2021-11-16,Region_2,315.17
2021-11-17,Region_2,194.73
2021-11-18,Region_2,286.33
2021-11-19,Region_2,249.5
2021-11-20,Region_2,290.09
2021-11-21,Region_2,327.75
2021-11-22,Region_2,359.55
2021-11-23,Region_2,315.12
2021-11-24,Region_2,386.92
2021-11-25,Region_2,256.93
2021-11-26,Region_2,408.47
2021-11-27,Region_2,255.89
2021-11-28,Region_2,436.57
2021-11-29,Region_2,510.26
2021-11-30,Region_2,183.07
2021-12-01,Region_2,387.43
2021-12-02,Region_2,682.36
2021-12-03,Region_2,357.53
2021-12-04,Region_2,382.43
2021-12-05,Region_2,301.17
2021-12-06,Region_2,390.37
2021-12-07,Region_2,609.74
2021-12-08,Region_2,335.0
2021-12-09,Region_2,434.55
2021-12-10,Region_2,381.52
2021-12-11,Region_2,535.51
2021-12-12,Region_2,875.66
2021-12-13,Region_2,551.5
2021-12-14,Region_2,585.98
2021-12-15,Region_2,368.08
2021-12-16,Region_2,241.0
2021-12-17,Region_2,806.55
2021-12-18,Region_2,547.72
2021-12-19,Region_2,724.54
2021-12-20,Region_2,703.97
2021-12-21,Region_2,538.31
2021-12-22,Region_2,510.12
2021-12-23,Region_2,799.91
2019-12-25,Region_3,176.25
2019-12-26,Region_3,128.99
2019-12-27,Region_3,221.05
2019-12-28,Region_3,173.46
2019-12-29,Region_3,205.77
2019-12-30,Region_3,137.37
2019-12-31,Region_3,152.18
2020-01-01,Region_3,167.96
2020-01-02,Region_3,251.91
2020-01-03,Region_3,174.43
2020-01-04,Region_3,181.72
2020-01-05,Region_3,238.46
2020-01-06,Region_3,253.67
2020-01-07,Region_3,246.95
2020-01-08,Region_3,201.37
2020-01-09,Region_3,305.08
2020-01-10,Region_3,222.21
2020-01-11,Region_3,261.3
2020-01-12,Region_3,272.92
2020-01-13,Region_3,300.14
2020-01-14,Region_3,332.86
2020-01-15,Region_3,213.16
2020-01-16,Region_3,310.85
2020-01-17,Region_3,172.43
2020-01-18,Region_3,345.53
2020-01-19,Region_3,171.01
2020-01-20,Region_3,356.45
2020-01-21,Region_3,456.42
2020-01-22,Region_3,288.15
2020-01-23,Region_3,410.32
2020-01-24,Region_3,332.33
2020-01-25,Region_3,345.22
2020-01-26,Region_3,407.46
2020-01-27,Region_3,398.27
2020-01-28,Region_3,416.05
2020-01-29,Region_3,194.15
2020-01-30,Region_3,477.64
2020-01-31,Region_3,319.46
2020-02-01,Region_3,286.3
2020-02-02,Region_3,399.17
2020-02-03,Region_3,405.43
2020-02-04,Region_3,344.46
2020-02-05,Region_3,387.63
2020-02-06,Region_3,532.7
2020-02-07,Region_3,454.9
2020-02-08,Region_3,402.6
2020-02-09,Region_3,483.78
2020-02-10,Region_3,422.97
2020-02-11,Region_3,370.55
2020-02-12,Region_3,431.85
2020-02-13,Region_3,396.81
2020-02-14,Region_3,336.54
2020-02-15,Region_3,508.0
2020-02-16,Region_3,403.72
2020-02-17,Region_3,516.37
2020-02-18,Region_3,553.25
2020-02-19,Region_3,536.36
2020-02-20,Region_3,456.53
2020-02-21,Region_3,757.06
2020-02-22,Region_3,363.62
2020-02-23,Region_3,450.73
2020-02-24,Region_3,572.21
2020-02-25,Region_3,279.43
2020-02-26,Region_3,296.46
2020-02-27,Region_3,490.91
2020-02-28,Region_3,777.08
2020-02-29,Region_3,618.39
2020-03-01,Region_3,275.66
2020-03-02,Region_3,417.46
2020-03-03,Region_3,405.15
2020-03-04,Region_3,229.97
2020-03-05,Region_3,547.93
2020-03-06,Region_3,420.25
2020-03-07,Region_3,524.93
2020-03-08,Region_3,601.41
2020-03-09,Region_3,670.91
2020-03-10,Region_3,525.01
2020-03-11,Region_3,490.72
2020-03-12,Region_3,499.75
2020-03-13,Region_3,534.05
2020-03-14,Region_3,513.51
2020-03-15,Region_3,440.35
2020-03-16,Region_3,520.34
2020-03-17,Region_3,709.35
2020-03-18,Region_3,471.44
2020-03-19,Region_3,490.1
2020-03-20,Region_3,615.58
2020-03-21,Region_3,470.68
2020-03-22,Region_3,377.75
2020-03-23,Region_3,790.49
2020-03-24,Region_3,412.22
2020-03-25,Region_3,547.74
2020-03-26,Region_3,405.4
2020-03-27,Region_3,567.53
2020-03-28,Region_3,423.62
2020-03-29,Region_3,546.01
2020-03-30,Region_3,762.4
2020-03-31,Region_3,411.52
2020-04-01,Region_3,345.2
2020-04-02,Region_3,781.35
2020-04-03,Region_3,637.29
2020-04-04,Region_3,360.66
2020-04-05,Region_3,475.43
2020-04-06,Region_3,473.76
2020-04-07,Region_3,725.11
2020-04-08,Region_3,547.05
2020-04-09,Region_3,403.07
2020-04-10,Region_3,629.79
2020-04-11,Region_3,615.45
2020-04-12,Region_3,436.43
2020-04-13,Region_3,631.27
2020-04-14,Region_3,554.51
2020-04-15,Region_3,633.64
2020-04-16,Region_3,397.95
2020-04-17,Region_3,776.8
2020-04-18,Region_3,612.33
2020-04-19,Region_3,340.72
2020-04-20,Region_3,447.0
2020-04-21,Region_3,421.09
2020-04-22,Region_3,444.74
2020-04-23,Region_3,269.31
2020-04-24,Region_3,629.66
2020-04-25,Region_3,463.59
2020-04-26,Region_3,451.15
2020-04-27,Region_3,527.27
2020-04-28,Region_3,535.24
2020-04-29,Region_3,252.41
2020-04-30,Region_3,679.49
2020-05-01,Region_3,534.3
2020-05-02,Region_3,553.16
2020-05-03,Region_3,398.98
2020-05-04,Region_3,354.98
2020-05-05,Region_3,412.51
2020-05-06,Region_3,288.38
2020-05-07,Region_3,512.9
2020-05-08,Region_3,296.39
2020-05-09,Region_3,612.84
2020-05-10,Region_3,516.92
2020-05-11,Region_3,539.42
2020-05-12,Region_3,347.9
2020-05-13,Region_3,527.77
2020-05-14,Region_3,395.41
2020-05-15,Region_3,340.13
2020-05-16,Region_3,529.99
2020-05-17,Region_3,417.44
2020-05-18,Region_3,416.94
2020-05-19,Region_3,309.46
2020-05-20,Region_3,523.4
2020-05-21,Region_3,341.01
2020-05-22,Region_3,453.19
2020-05-23,Region_3,441.48
2020-05-24,Region_3,466.53
2020-05-25,Region_3,276.91
2020-05-26,Region_3,388.86
2020-05-27,Region_3,331.24
2020-05-28,Region_3,322.86
2020-05-29,Region_3,364.4
2020-05-30,Region_3,282.55
2020-05-31,Region_3,238.58
2020-06-01,Region_3,296.07
2020-06-02,Region_3,387.3
2020-06-03,Region_3,252.34
2020-06-04,Region_3,389.28
2020-06-05,Region_3,222.87
2020-06-06,Region_3,386.51
2020-06-07,Region_3,270.55
2020-06-08,Region_3,435.37
2020-06-09,Region_3,258.77
2020-06-10,Region_3,299.01
2020-06-11,Region_3,220.52
2020-06-12,Region_3,391.89
2020-06-13,Region_3,233.74
2020-06-14,Region_3,268.29
2020-06-15,Region_3,202.1
2020-06-16,Region_3,336.22
2020-06-17,Region_3,261.34
2020-06-18,Region_3,189.59
2020-06-19,Region_3,215.16
2020-06-20,Region_3,248.93
2020-06-21,Region_3,262.51
2020-06-22,Region_3,123.86
2020-06-23,Region_3,155.56
2020-06-24,Region_3,145.97
2020-06-25,Region_3,214.14
2020-06-26,Region_3,162.44
2020-06-27,Region_3,159.19
2020-06-28,Region_3,164.12
2020-06-29,Region_3,168.81
2020-06-30,Region_3,124.51
2020-07-01,Region_3,179.28
2020-07-02,Region_3,127.94
2020-07-03,Region_3,172.77
2020-07-04,Region_3,373.63
2020-07-05,Region_3,560.05
2020-07-06,Region_3,311.06
2020-07-07,Region_3,553.26
2020-07-08,Region_3,707.27
2020-07-09,Region_3,880.23
2020-07-10,Region_3,834.53
2020-07-11,Region_3,838.0
2020-07-12,Region_3,1198.6
2020-07-13,Region_3,697.9
2020-07-14,Region_3,913.52
2020-07-15,Region_3,1054.28
2020-07-16,Region_3,694.81
2020-07-17,Region_3,394.89
2020-07-18,Region_3,347.74
2020-07-19,Region_3,322.75
2020-07-20,Region_3,347.94
2020-07-21,Region_3,328.58
2020-07-22,Region_3,240.91
2020-07-23,Region_3,131.75
2020-07-24,Region_3,34.28
2020-07-25,Region_3,11.48
2020-07-26,Region_3,15.81
2020-07-27,Region_3,34.33
2020-07-28,Region_3,5.51
2020-07-29,Region_3,57.74
2020-07-30,Region_3,9.88
2020-07-31,Region_3,0.0
2020-08-01,Region_3,0.0
2020-08-02,Region_3,5.12
2020-08-03,Region_3,22.7
2020-08-04,Region_3,0.0
2020-08-05,Region_3,0.0
2020-08-06,Region_3,6.0
2020-08-07,Region_3,10.4
2020-08-08,Region_3,0.0
2020-08-09,Region_3,0.0
2020-08-10,Region_3,0.0
2020-08-11,Region_3,0.0
2020-08-12,Region_3,0.0
2020-08-13,Region_3,0.0
2020-08-14,Region_3,0.0
2020-08-15,Region_3,0.0
2020-08-16,Region_3,0.0
2020-08-17,Region_3,0.0
2020-08-18,Region_3,0.0
2020-08-19,Region_3,0.0
2020-08-20,Region_3,0.0
2020-08-21,Region_3,0.0
2020-08-22,Region_3,0.0
2020-08-23,Region_3,0.0
2020-08-24,Region_3,0.0
2020-08-25,Region_3,0.0
2020-08-26,Region_3,0.0
2020-08-27,Region_3,0.0
2020-08-28,Region_3,0.0
2020-08-29,Region_3,0.0
2020-08-30,Region_3,0.0
2020-08-31,Region_3,0.0
2020-09-01,Region_3,0.0
2020-09-02,Region_3,0.0
2020-09-03,Region_3,0.0
2020-09-04,Region_3,0.0
2020-09-05,Region_3,0.0
2020-09-06,Region_3,0.0
2020-09-07,Region_3,0.0
2020-09-08,Region_3,0.0
2020-09-09,Region_3,0.0
2020-09-10,Region_3,0.0
2020-09-11,Region_3,0.0
2020-09-12,Region_3,0.0
2020-09-13,Region_3,0.0
2020-09-14,Region_3,0.0
2020-09-15,Region_3,0.0
2020-09-16,Region_3,0.0
2020-09-17,Region_3,0.0
2020-09-18,Region_3,0.0
2020-09-19,Region_3,0.0
2020-09-20,Region_3,0.0
2020-09-21,Region_3,0.0
2020-09-22,Region_3,0.0
2020-09-23,Region_3,0.0
2020-09-24,Region_3,0.0
2020-09-25,Region_3,0.0
2020-09-26,Region_3,0.0
2020-09-27,Region_3,0.0
2020-09-28,Region_3,0.0
2020-09-29,Region_3,0.0
2020-09-30,Region_3,0.0
2020-10-01,Region_3,0.0
2020-10-02,Region_3,0.0
2020-10-03,Region_3,0.0
2020-10-04,Region_3,0.0
2020-10-05,Region_3,0.0
2020-10-06,Region_3,0.0
2020-10-07,Region_3,0.0
2020-10-08,Region_3,0.0
2020-10-09,Region_3,0.0
2020-10-10,Region_3,0.0
2020-10-11,Region_3,0.0
2020-10-12,Region_3,0.0
2020-10-13,Region_3,0.0
2020-10-14,Region_3,0.0
2020-10-15,Region_3,0.0
2020-10-16,Region_3,0.0
2020-10-17,Region_3,0.0
2020-10-18,Region_3,0.0
2020-10-19,Region_3,0.0
2020-10-20,Region_3,0.0
2020-10-21,Region_3,0.0
2020-10-22,Region_3,0.0
2020-10-23,Region_3,0.0
2020-10-24,Region_3,0.0
2020-10-25,Region_3,0.0
2020-10-26,Region_3,0.0
2020-10-27,Region_3,0.0
2020-10-28,Region_3,0.0
2020-10-29,Region_3,0.0
2020-10-30,Region_3,0.0
2020-10-31,Region_3,0.0
2020-11-01,Region_3,0.0
2020-11-02,Region_3,0.0
2020-11-03,Region_3,51.76
2020-11-04,Region_3,7.23
2020-11-05,Region_3,5.75
2020-11-06,Region_3,20.56
2020-11-07,Region_3,0.0
2020-11-08,Region_3,5.19
2020-11-09,Region_3,0.0
2020-11-10,Region_3,0.0
2020-11-11,Region_3,43.07
2020-11-12,Region_3,33.06
2020-11-13,Region_3,35.73
2020-11-14,Region_3,20.91
2020-11-15,Region_3,40.64
2020-11-16,Region_3,14.06
2020-11-17,Region_3,53.56
2020-11-18,Region_3,132.82
2020-11-19,Region_3,65.96
2020-11-20,Region_3,73.88
2020-11-21,Region_3,55.28
2020-11-22,Region_3,34.16
2020-11-23,Region_3,96.63
2020-11-24,Region_3,31.65
2020-11-25,Region_3,109.08
2020-11-26,Region_3,85.72
2020-11-27,Region_3,111.17
2020-11-28,Region_3,81.69
2020-11-29,Region_3,170.9
2020-11-30,Region_3,176.3
2020-12-01,Region_3,94.05
2020-12-02,Region_3,142.9
2020-12-03,Region_3,86.76
2020-12-04,Region_3,156.28
2020-12-05,Region_3,162.97
2020-12-06,Region_3,178.36
2020-12-07,Region_3,140.85
2020-12-08,Region_3,160.47
2020-12-09,Region_3,194.33
2020-12-10,Region_3,133.16
2020-12-11,Region_3,130.47
2020-12-12,Region_3,272.38
2020-12-13,Region_3,229.81
2020-12-14,Region_3,171.96
2020-12-15,Region_3,159.54
2020-12-16,Region_3,285.28
2020-12-17,Region_3,193.79
2020-12-18,Region_3,237.5
2020-12-19,Region_3,257.02
2020-12-20,Region_3,242.31
2020-12-21,Region_3,251.24
2020-12-22,Region_3,347.81
2020-12-23,Region_3,330.08
2020-12-24,Region_3,163.95
2020-12-25,Region_3,379.7
2020-12-26,Region_3,247.28
2020-12-27,Region_3,385.77
2020-12-28,Region_3,197.78
2020-12-29,Region_3,360.94
2020-12-30,Region_3,242.68
2020-12-31,Region_3,305.57
2021-01-01,Region_3,353.73
2021-01-02,Region_3,424.43
2021-01-03,Region_3,337.41
2021-01-04,Region_3,479.24
2021-01-05,Region_3,490.08
2021-01-06,Region_3,325.82
2021-01-07,Region_3,363.1
2021-01-08,Region_3,308.19
2021-01-09,Region_3,330.95
2021-01-10,Region_3,370.81
2021-01-11,Region_3,400.89
2021-01-12,Region_3,398.26
2021-01-13,Region_3,375.12
2021-01-14,Region_3,359.58
2021-01-15,Region_3,560.38
2021-01-16,Region_3,524.28
2021-01-17,Region_3,382.0
2021-01-18,Region_3,440.66
2021-01-19,Region_3,354.46
2021-01-20,Region_3,194.41
2021-01-21,Region_3,387.93
2021-01-22,Region_3,461.43
2021-01-23,Region_3,452.96
2021-01-24,Region_3,294.27
2021-01-25,Region_3,351.5
2021-01-26,Region_3,605.26
2021-01-27,Region_3,262.29
2021-01-28,Region_3,677.25
2021-01-29,Region_3,575.3
2021-01-30,Region_3,328.03
2021-01-31,Region_3,710.96
2021-02-01,Region_3,490.5
2021-02-02,Region_3,670.41
2021-02-03,Region_3,379.26
2021-02-04,Region_3,426.6
2021-02-05,Region_3,829.36
2021-02-06,Region_3,669.4
2021-02-07,Region_3,573.16
2021-02-08,Region_3,545.83
2021-02-09,Region_3,537.85
2021-02-10,Region_3,460.96
2021-02-11,Region_3,377.75
2021-02-12,Region_3,944.53
2021-02-13,Region_3,686.13
2021-02-14,Region_3,860.76
2021-02-15,Region_3,1412.52
2021-02-16,Region_3,942.58
2021-02-17,Region_3,880.86
2021-02-18,Region_3,1298.13
2021-02-19,Region_3,1071.9
2021-02-20,Region_3,882.67
2021-02-21,Region_3,1469.56
2021-02-22,Region_3,870.67
2021-02-23,Region_3,804.93
2021-02-24,Region_3,728.62
2021-02-25,Region_3,733.88
2021-02-26,Region_3,836.99
2021-02-27,Region_3,721.98
2021-02-28,Region_3,704.97
2021-03-01,Region_3,615.18
2021-03-02,Region_3,699.61
2021-03-03,Region_3,776.39
2021-03-04,Region_3,963.14
2021-03-05,Region_3,740.46
2021-03-06,Region_3,811.81
2021-03-07,Region_3,889.28
2021-03-08,Region_3,933.71
2021-03-09,Region_3,578.63
2021-03-10,Region_3,333.85
2021-03-11,Region_3,481.38
2021-03-12,Region_3,923.49
2021-03-13,Region_3,478.79
2021-03-14,Region_3,649.2
2021-03-15,Region_3,705.29
2021-03-16,Region_3,629.99
2021-03-17,Region_3,416.94
2021-03-18,Region_3,428.16
2021-03-19,Region_3,440.18
2021-03-20,Region_3,632.28
2021-03-21,Region_3,830.23
2021-03-22,Region_3,736.01
2021-03-23,Region_3,496.63
2021-03-24,Region_3,758.0
2021-03-25,Region_3,463.23
2021-03-26,Region_3,885.04
2021-03-27,Region_3,933.9
2021-03-28,Region_3,666.46
2021-03-29,Region_3,554.95
2021-03-30,Region_3,354.76
2021-03-31,Region_3,717.03
2021-04-01,Region_3,628.63
2021-04-02,Region_3,820.82
2021-04-03,Region_3,663.94
2021-04-04,Region_3,684.3
2021-04-05,Region_3,705.93
2021-04-06,Region_3,870.67
2021-04-07,Region_3,814.6
2021-04-08,Region_3,531.41
2021-04-09,Region_3,653.82
2021-04-10,Region_3,729.94
2021-04-11,Region_3,520.88
2021-04-12,Region_3,639.05
2021-04-13,Region_3,678.71
2021-04-14,Region_3,514.03
2021-04-15,Region_3,788.76
2021-04-16,Region_3,936.19
2021-04-17,Region_3,726.15
2021-04-18,Region_3,871.62
2021-04-19,Region_3,494.29
2021-04-20,Region_3,643.27
2021-04-21,Region_3,584.81
2021-04-22,Region_3,660.81
2021-04-23,Region_3,916.66
2021-04-24,Region_3,573.79
2021-04-25,Region_3,636.07
2021-04-26,Region_3,639.2
2021-04-27,Region_3,817.89
2021-04-28,Region_3,802.08
2021-04-29,Region_3,697.16
2021-04-30,Region_3,596.12
2021-05-01,Region_3,385.27
2021-05-02,Region_3,754.53
2021-05-03,Region_3,640.81
2021-05-04,Region_3,602.5
2021-05-05,Region_3,565.23
2021-05-06,Region_3,751.08
2021-05-07,Region_3,595.27
2021-05-08,Region_3,435.83
2021-05-09,Region_3,658.45
2021-05-10,Region_3,549.45
2021-05-11,Region_3,432.84
2021-05-12,Region_3,755.68
2021-05-13,Region_3,579.72
2021-05-14,Region_3,531.96
2021-05-15,Region_3,660.86
2021-05-16,Region_3,559.27
2021-05-17,Region_3,410.99
2021-05-18,Region_3,503.62
2021-05-19,Region_3,423.27
2021-05-20,Region_3,479.09
2021-05-21,Region_3,350.65
2021-05-22,Region_3,514.32
2021-05-23,Region_3,389.15
2021-05-24,Region_3,496.49
2021-05-25,Region_3,315.51
2021-05-26,Region_3,551.83
2021-05-27,Region_3,530.43
2021-05-28,Region_3,682.97
2021-05-29,Region_3,647.6
2021-05-30,Region_3,457.18
2021-05-31,Region_3,499.22
2021-06-01,Region_3,401.54
2021-06-02,Region_3,384.89
2021-06-03,Region_3,408.82
2021-06-04,Region_3,623.83
2021-06-05,Region_3,578.52
2021-06-06,Region_3,708.59
2021-06-07,Region_3,737.32
2021-06-08,Region_3,990.11
2021-06-09,Region_3,840.79
2021-06-10,Region_3,1459.19
2021-06-11,Region_3,868.73
2021-06-12,Region_3,1178.47
2021-06-13,Region_3,979.54
2021-06-14,Region_3,1069.88
2021-06-15,Region_3,491.64
2021-06-16,Region_3,1066.14
2021-06-17,Region_3,761.69
2021-06-18,Region_3,619.83
2021-06-19,Region_3,532.53
2021-06-20,Region_3,576.17
2021-06-21,Region_3,407.73
2021-06-22,Region_3,298.61
2021-06-23,Region_3,355.67
2021-06-24,Region_3,243.04
2021-06-25,Region_3,307.05
2021-06-26,Region_3,230.12
2021-06-27,Region_3,246.09
2021-06-28,Region_3,196.75
2021-06-29,Region_3,144.13
2021-06-30,Region_3,296.07
2021-07-01,Region_3,302.45
2021-07-02,Region_3,270.68
2021-07-03,Region_3,302.94
2021-07-04,Region_3,127.5
2021-07-05,Region_3,219.15
2021-07-06,Region_3,257.19
2021-07-07,Region_3,318.65
2021-07-08,Region_3,216.59
2021-07-09,Region_3,275.03
2021-07-10,Region_3,400.92
2021-07-11,Region_3,104.86
2021-07-12,Region_3,277.14
2021-07-13,Region_3,303.71
2021-07-14,Region_3,182.64
2021-07-15,Region_3,307.21
2021-07-16,Region_3,291.02
2021-07-17,Region_3,189.48
2021-07-18,Region_3,141.18
2021-07-19,Region_3,130.15
2021-07-20,Region_3,207.67
2021-07-21,Region_3,232.84
2021-07-22,Region_3,200.11
2021-07-23,Region_3,196.86
2021-07-24,Region_3,121.07
2021-07-25,Region_3,124.65
2021-07-26,Region_3,199.55
2021-07-27,Region_3,104.37
2021-07-28,Region_3,141.1
2021-07-29,Region_3,70.09
2021-07-30,Region_3,115.07
2021-07-31,Region_3,124.77
2021-08-01,Region_3,81.45
2021-08-02,Region_3,78.08
2021-08-03,Region_3,128.15
2021-08-04,Region_3,141.02
2021-08-05,Region_3,70.42
2021-08-06,Region_3,95.83
2021-08-07,Region_3,51.98
2021-08-08,Region_3,135.88
2021-08-09,Region_3,174.95
2021-08-10,Region_3,142.25
2021-08-11,Region_3,30.27
2021-08-12,Region_3,70.43
2021-08-13,Region_3,97.15
2021-08-14,Region_3,119.06
2021-08-15,Region_3,57.94
2021-08-16,Region_3,97.86
2021-08-17,Region_3,78.95
2021-08-18,Region_3,42.44
2021-08-19,Region_3,73.21
2021-08-20,Region_3,120.92
2021-08-21,Region_3,0.0
2021-08-22,Region_3,46.73
2021-08-23,Region_3,59.14
2021-08-24,Region_3,43.24
2021-08-25,Region_3,56.66
2021-08-26,Region_3,9.48
2021-08-27,Region_3,0.0
2021-08-28,Region_3,22.36
2021-08-29,Region_3,30.59
2021-08-30,Region_3,25.65
2021-08-31,Region_3,22.63
2021-09-01,Region_3,0.0
2021-09-02,Region_3,65.75
2021-09-03,Region_3,12.81
2021-09-04,Region_3,15.32
2021-09-05,Region_3,0.0
2021-09-06,Region_3,28.63
2021-09-07,Region_3,18.12
2021-09-08,Region_3,0.0
2021-09-09,Region_3,22.28
2021-09-10,Region_3,46.76
2021-09-11,Region_3,0.0
2021-09-12,Region_3,0.0
2021-09-13,Region_3,9.99
2021-09-14,Region_3,0.0
2021-09-15,Region_3,0.0
2021-09-16,Region_3,0.0
2021-09-17,Region_3,0.0
2021-09-18,Region_3,24.93
2021-09-19,Region_3,0.0
2021-09-20,Region_3,57.37
2021-09-21,Region_3,36.06
2021-09-22,Region_3,60.24
2021-09-23,Region_3,12.34
2021-09-24,Region_3,0.0
2021-09-25,Region_3,0.0
2021-09-26,Region_3,21.01
2021-09-27,Region_3,6.72
2021-09-28,Region_3,0.0
2021-09-29,Region_3,40.06
2021-09-30,Region_3,24.61
2021-10-01,Region_3,30.06
2021-10-02,Region_3,10.7
2021-10-03,Region_3,16.76
2021-10-04,Region_3,34.46
2021-10-05,Region_3,0.0
2021-10-06,Region_3,0.0
2021-10-07,Region_3,8.7
2021-10-08,Region_3,16.16
2021-10-09,Region_3,35.39
2021-10-10,Region_3,85.26
2021-10-11,Region_3,4.39
2021-10-12,Region_3,16.97
2021-10-13,Region_3,39.6
2021-10-14,Region_3,11.87
2021-10-15,Region_3,32.36
2021-10-16,Region_3,53.74
2021-10-17,Region_3,117.99
2021-10-18,Region_3,41.07
2021-10-19,Region_3,56.16
2021-10-20,Region_3,12.97
2021-10-21,Region_3,42.13
2021-10-22,Region_3,20.89
2021-10-23,Region_3,48.62
2021-10-24,Region_3,40.96
2021-10-25,Region_3,40.34
2021-10-26,Region_3,24.68
2021-10-27,Region_3,104.63
2021-10-28,Region_3,99.77
2021-10-29,Region_3,48.46
2021-10-30,Region_3,81.01
2021-10-31,Region_3,58.95
2021-11-01,Region_3,135.37
2021-11-02,Region_3,93.67
2021-11-03,Region_3,94.0
2021-11-04,Region_3,187.9
2021-11-05,Region_3,147.13
2021-11-06,Region_3,134.96
2021-11-07,Region_3,91.98
2021-11-08,Region_3,78.36
2021-11-09,Region_3,94.63
2021-11-10,Region_3,114.52
2021-11-11,Region_3,148.02
2021-11-12,Region_3,77.37
2021-11-13,Region_3,183.68
2021-11-14,Region_3,86.75
2021-11-15,Region_3,102.46
2021-11-16,Region_3,154.58
2021-11-17,Region_3,145.78
2021-11-18,Region_3,163.1
2021-11-19,Region_3,195.67
2021-11-20,Region_3,184.77
2021-11-21,Region_3,137.4
2021-11-22,Region_3,84.55
2021-11-23,Region_3,235.16
2021-11-24,Region_3,131.81
2021-11-25,Region_3,222.74
2021-11-26,Region_3,282.97
2021-11-27,Region_3,234.06
2021-11-28,Region_3,266.69
2021-11-29,Region_3,311.73
2021-11-30,Region_3,306.6
2021-12-01,Region_3,214.45
2021-12-02,Region_3,348.94
2021-12-03,Region_3,373.73
2021-12-04,Region_3,260.89
2021-12-05,Region_3,325.03
2021-12-06,Region_3,321.11
2021-12-07,Region_3,300.54
2021-12-08,Region_3,393.68
2021-12-09,Region_3,350.9
2021-12-10,Region_3,201.32
2021-12-11,Region_3,528.03
2021-12-12,Region_3,389.09
2021-12-13,Region_3,508.49
2021-12-14,Region_3,319.75
2021-12-15,Region_3,329.95
2021-12-16,Region_3,212.0
2021-12-17,Region_3,382.54
2021-12-18,Region_3,461.07
2021-12-19,Region_3,421.25
2021-12-20,Region_3,347.55
2021-12-21,Region_3,449.23
2021-12-22,Region_3,264.28
2021-12-23,Region_3,375.02
2019-12-25,Region_4,198.85
2019-12-26,Region_4,203.21
2019-12-27,Region_4,328.96
2019-12-28,Region_4,411.21
2019-12-29,Region_4,409.47
2019-12-30,Region_4,416.1
2019-12-31,Region_4,227.33
2020-01-01,Region_4,225.02
2020-01-02,Region_4,281.26
2020-01-03,Region_4,428.29
2020-01-04,Region_4,388.06
2020-01-05,Region_4,463.52
2020-01-06,Region_4,445.41
2020-01-07,Region_4,393.3
2020-01-08,Region_4,274.63
2020-01-09,Region_4,213.78
2020-01-10,Region_4,482.0
2020-01-11,Region_4,364.54
2020-01-12,Region_4,467.26
2020-01-13,Region_4,530.31
2020-01-14,Region_4,626.58
2020-01-15,Region_4,670.45
2020-01-16,Region_4,394.96
2020-01-17,Region_4,1105.0
2020-01-18,Region_4,855.23
2020-01-19,Region_4,650.9
2020-01-20,Region_4,746.73
2020-01-21,Region_4,489.94
2020-01-22,Region_4,572.37
2020-01-23,Region_4,1062.16
2020-01-24,Region_4,878.14
2020-01-25,Region_4,1326.34
2020-01-26,Region_4,1310.57
2020-01-27,Region_4,822.66
2020-01-28,Region_4,834.76
2020-01-29,Region_4,545.24
2020-01-30,Region_4,696.65
2020-01-31,Region_4,728.76
2020-02-01,Region_4,465.29
2020-02-02,Region_4,753.83
2020-02-03,Region_4,596.62
2020-02-04,Region_4,579.43
2020-02-05,Region_4,490.19
2020-02-06,Region_4,717.23
2020-02-07,Region_4,585.58
2020-02-08,Region_4,523.01
2020-02-09,Region_4,674.04
2020-02-10,Region_4,404.17
2020-02-11,Region_4,523.55
2020-02-12,Region_4,806.92
2020-02-13,Region_4,500.39
2020-02-14,Region_4,746.8
2020-02-15,Region_4,676.34
2020-02-16,Region_4,765.51
2020-02-17,Region_4,614.83
2020-02-18,Region_4,683.37
2020-02-19,Region_4,806.3
2020-02-20,Region_4,512.3
2020-02-21,Region_4,801.71
2020-02-22,Region_4,907.56
2020-02-23,Region_4,1155.19
2020-02-24,Region_4,1140.95
2020-02-25,Region_4,1299.59
2020-02-26,Region_4,1208.48
2020-02-27,Region_4,1827.39
2020-02-28,Region_4,1957.9
2020-02-29,Region_4,1697.44
2020-03-01,Region_4,2015.01
2020-03-02,Region_4,1016.9
2020-03-03,Region_4,905.11
2020-03-04,Region_4,1904.44
2020-03-05,Region_4,1422.97
2020-03-06,Region_4,1405.75
2020-03-07,Region_4,1081.1
2020-03-08,Region_4,998.7
2020-03-09,Region_4,1576.02
2020-03-10,Region_4,1118.47
2020-03-11,Region_4,845.43
2020-03-12,Region_4,728.94
2020-03-13,Region_4,888.92
2020-03-14,Region_4,865.31
2020-03-15,Region_4,592.74
2020-03-16,Region_4,793.7
2020-03-17,Region_4,1076.69
2020-03-18,Region_4,717.95
2020-03-19,Region_4,829.35
2020-03-20,Region_4,768.31
2020-03-21,Region_4,651.2
2020-03-22,Region_4,877.4
2020-03-23,Region_4,751.4
2020-03-24,Region_4,486.52
2020-03-25,Region_4,728.24
2020-03-26,Region_4,841.82
2020-03-27,Region_4,865.0
2020-03-28,Region_4,498.4
2020-03-29,Region_4,686.95
2020-03-30,Region_4,830.18
2020-03-31,Region_4,876.35
2020-04-01,Region_4,686.5
2020-04-02,Region_4,577.96
2020-04-03,Region_4,1089.12
2020-04-04,Region_4,882.1
2020-04-05,Region_4,744.7
2020-04-06,Region_4,1195.52
2020-04-07,Region_4,605.07
2020-04-08,Region_4,1246.5
2020-04-09,Region_4,770.26
2020-04-10,Region_4,706.5
2020-04-11,Region_4,494.28
2020-04-12,Region_4,820.67
2020-04-13,Region_4,1003.76
2020-04-14,Region_4,811.15
2020-04-15,Region_4,860.12
2020-04-16,Region_4,577.74
2020-04-17,Region_4,769.68
2020-04-18,Region_4,867.78
2020-04-19,Region_4,1045.25
2020-04-20,Region_4,1449.71
2020-04-21,Region_4,925.75
2020-04-22,Region_4,414.54
2020-04-23,Region_4,1137.79
2020-04-24,Region_4,630.15
2020-04-25,Region_4,553.13
2020-04-26,Region_4,834.9
2020-04-27,Region_4,814.63
2020-04-28,Region_4,798.08
2020-04-29,Region_4,634.12
2020-04-30,Region_4,1106.91
2020-05-01,Region_4,482.9
2020-05-02,Region_4,923.1
2020-05-03,Region_4,676.36
2020-05-04,Region_4,1040.17
2020-05-05,Region_4,821.32
2020-05-06,Region_4,789.48
2020-05-07,Region_4,584.28
2020-05-08,Region_4,428.68
2020-05-09,Region_4,752.4
2020-05-10,Region_4,633.35
2020-05-11,Region_4,499.74
2020-05-12,Region_4,478.5
2020-05-13,Region_4,585.21
2020-05-14,Region_4,563.04
2020-05-15,Region_4,821.54
2020-05-16,Region_4,648.61
2020-05-17,Region_4,710.45
2020-05-18,Region_4,1089.49
2020-05-19,Region_4,491.99
2020-05-20,Region_4,542.37
2020-05-21,Region_4,490.5
2020-05-22,Region_4,557.15
2020-05-23,Region_4,560.16
2020-05-24,Region_4,763.61
2020-05-25,Region_4,685.65
2020-05-26,Region_4,786.81
2020-05-27,Region_4,550.71
2020-05-28,Region_4,446.48
2020-05-29,Region_4,478.0
2020-05-30,Region_4,672.84
2020-05-31,Region_4,405.63
2020-06-01,Region_4,505.51
2020-06-02,Region_4,514.46
2020-06-03,Region_4,506.06
2020-06-04,Region_4,411.64
2020-06-05,Region_4,585.86
2020-06-06,Region_4,489.38
2020-06-07,Region_4,458.83
2020-06-08,Region_4,542.29
2020-06-09,Region_4,263.02
2020-06-10,Region_4,404.85
2020-06-11,Region_4,422.08
2020-06-12,Region_4,287.9
2020-06-13,Region_4,384.14
2020-06-14,Region_4,324.58
2020-06-15,Region_4,363.75
2020-06-16,Region_4,434.63
2020-06-17,Region_4,335.9
2020-06-18,Region_4,413.18
2020-06-19,Region_4,430.1
2020-06-20,Region_4,279.06
2020-06-21,Region_4,295.44
2020-06-22,Region_4,196.08
2020-06-23,Region_4,452.99
2020-06-24,Region_4,251.97
2020-06-25,Region_4,214.46
2020-06-26,Region_4,238.65
2020-06-27,Region_4,256.79
2020-06-28,Region_4,239.31
2020-06-29,Region_4,251.99
2020-06-30,Region_4,268.23
2020-07-01,Region_4,276.08
2020-07-02,Region_4,163.93
2020-07-03,Region_4,239.98
2020-07-04,Region_4,243.62
2020-07-05,Region_4,265.42
2020-07-06,Region_4,218.0
2020-07-07,Region_4,165.98
2020-07-08,Region_4,179.79
2020-07-09,Region_4,130.39
2020-07-10,Region_4,135.61
2020-07-11,Region_4,179.73
2020-07-12,Region_4,177.28
2020-07-13,Region_4,158.93
2020-07-14,Region_4,179.17
2020-07-15,Region_4,98.08
2020-07-16,Region_4,67.39
2020-07-17,Region_4,133.69
2020-07-18,Region_4,75.65
2020-07-19,Region_4,175.28
2020-07-20,Region_4,137.06
2020-07-21,Region_4,76.75
2020-07-22,Region_4,58.75
2020-07-23,Region_4,97.0
2020-07-24,Region_4,34.62
2020-07-25,Region_4,112.84
2020-07-26,Region_4,51.28
2020-07-27,Region_4,44.34
2020-07-28,Region_4,18.07
2020-07-29,Region_4,20.27
2020-07-30,Region_4,58.01
2020-07-31,Region_4,76.24
2020-08-01,Region_4,6.2
2020-08-02,Region_4,14.9
2020-08-03,Region_4,30.71
2020-08-04,Region_4,4.0
2020-08-05,Region_4,21.92
2020-08-06,Region_4,21.76
2020-08-07,Region_4,8.14
2020-08-08,Region_4,0.0
2020-08-09,Region_4,0.0
2020-08-10,Region_4,0.0
2020-08-11,Region_4,0.0
2020-08-12,Region_4,0.0
2020-08-13,Region_4,0.0
2020-08-14,Region_4,0.0
2020-08-15,Region_4,0.0
2020-08-16,Region_4,0.0
2020-08-17,Region_4,0.0
2020-08-18,Region_4,0.0
2020-08-19,Region_4,0.0
2020-08-20,Region_4,0.0
2020-08-21,Region_4,0.0
2020-08-22,Region_4,0.0
2020-08-23,Region_4,0.0
2020-08-24,Region_4,0.0
2020-08-25,Region_4,0.0
2020-08-26,Region_4,0.0
2020-08-27,Region_4,0.0
2020-08-28,Region_4,0.0
2020-08-29,Region_4,0.0
2020-08-30,Region_4,0.0
2020-08-31,Region_4,0.0
2020-09-01,Region_4,0.0
2020-09-02,Region_4,0.0
2020-09-03,Region_4,0.0
2020-09-04,Region_4,0.0
2020-09-05,Region_4,0.0
2020-09-06,Region_4,0.0
2020-09-07,Region_4,0.0
2020-09-08,Region_4,0.0
2020-09-09,Region_4,0.0
2020-09-10,Region_4,0.0
2020-09-11,Region_4,0.0
2020-09-12,Region_4,0.0
2020-09-13,Region_4,0.0
2020-09-14,Region_4,0.0
2020-09-15,Region_4,0.0
2020-09-16,Region_4,0.0
2020-09-17,Region_4,0.0
2020-09-18,Region_4,0.0
2020-09-19,Region_4,0.0
2020-09-20,Region_4,0.0
2020-09-21,Region_4,0.0
2020-09-22,Region_4,0.0
2020-09-23,Region_4,0.0
2020-09-24,Region_4,0.0
2020-09-25,Region_4,0.0
2020-09-26,Region_4,0.0
2020-09-27,Region_4,0.0
2020-09-28,Region_4,0.0
2020-09-29,Region_4,0.0
2020-09-30,Region_4,0.0
2020-10-01,Region_4,0.0
2020-10-02,Region_4,0.0
2020-10-03,Region_4,0.0
2020-10-04,Region_4,0.0
2020-10-05,Region_4,0.0
2020-10-06,Region_4,0.0
2020-10-07,Region_4,0.0
2020-10-08,Region_4,0.0
2020-10-09,Region_4,0.0
2020-10-10,Region_4,0.0
2020-10-11,Region_4,0.0
2020-10-12,Region_4,0.0
2020-10-13,Region_4,0.0
2020-10-14,Region_4,0.0
2020-10-15,Region_4,0.0
2020-10-16,Region_4,0.0
2020-10-17,Region_4,0.0
2020-10-18,Region_4,0.0
2020-10-19,Region_4,0.0
2020-10-20,Region_4,0.0
2020-10-21,Region_4,0.0
2020-10-22,Region_4,0.0
2020-10-23,Region_4,0.0
2020-10-24,Region_4,0.0
2020-10-25,Region_4,0.0
2020-10-26,Region_4,0.0
2020-10-27,Region_4,0.0
2020-10-28,Region_4,0.0
2020-10-29,Region_4,0.0
2020-10-30,Region_4,0.0
2020-10-31,Region_4,12.02
2020-11-01,Region_4,0.0
2020-11-02,Region_4,7.91
2020-11-03,Region_4,0.0
2020-11-04,Region_4,13.63
2020-11-05,Region_4,0.0
2020-11-06,Region_4,0.0
2020-11-07,Region_4,0.0
2020-11-08,Region_4,58.29
2020-11-09,Region_4,0.0
2020-11-10,Region_4,0.0
2020-11-11,Region_4,13.32
2020-11-12,Region_4,11.69
2020-11-13,Region_4,65.55
2020-11-14,Region_4,88.71
2020-11-15,Region_4,24.76
2020-11-16,Region_4,57.85
2020-11-17,Region_4,35.41
2020-11-18,Region_4,47.92
2020-11-19,Region_4,98.08
2020-11-20,Region_4,103.1
2020-11-21,Region_4,124.97
2020-11-22,Region_4,144.07
2020-11-23,Region_4,133.36
2020-11-24,Region_4,101.68
2020-11-25,Region_4,109.1
2020-11-26,Region_4,154.19
2020-11-27,Region_4,104.73
2020-11-28,Region_4,154.09
2020-11-29,Region_4,226.73
2020-11-30,Region_4,103.91
2020-12-01,Region_4,137.15
2020-12-02,Region_4,162.23
2020-12-03,Region_4,238.4
2020-12-04,Region_4,337.02
2020-12-05,Region_4,169.02
2020-12-06,Region_4,288.78
2020-12-07,Region_4,258.22
2020-12-08,Region_4,304.34
2020-12-09,Region_4,253.42
2020-12-10,Region_4,180.94
2020-12-11,Region_4,231.97
2020-12-12,Region_4,302.72
2020-12-13,Region_4,211.0
2020-12-14,Region_4,424.78
2020-12-15,Region_4,336.61
2020-12-16,Region_4,193.36
2020-12-17,Region_4,603.99
2020-12-18,Region_4,456.33
2020-12-19,Region_4,515.97
2020-12-20,Region_4,381.51
2020-12-21,Region_4,411.31
2020-12-22,Region_4,335.3
2020-12-23,Region_4,314.74
2020-12-24,Region_4,420.25
2020-12-25,Region_4,370.21
2020-12-26,Region_4,411.39
2020-12-27,Region_4,391.71
2020-12-28,Region_4,438.41
2020-12-29,Region_4,546.37
2020-12-30,Region_4,423.8
2020-12-31,Region_4,331.42
2021-01-01,Region_4,352.28
2021-01-02,Region_4,452.59
2021-01-03,Region_4,647.41
2021-01-04,Region_4,346.46
2021-01-05,Region_4,518.17
2021-01-06,Region_4,590.06
2021-01-07,Region_4,613.5
2021-01-08,Region_4,444.75
2021-01-09,Region_4,637.74
2021-01-10,Region_4,424.57
2021-01-11,Region_4,596.04
2021-01-12,Region_4,398.42
2021-01-13,Region_4,1052.56
2021-01-14,Region_4,538.79
2021-01-15,Region_4,573.85
2021-01-16,Region_4,612.36
2021-01-17,Region_4,547.91
2021-01-18,Region_4,605.78
2021-01-19,Region_4,526.42
2021-01-20,Region_4,559.66
2021-01-21,Region_4,782.24
2021-01-22,Region_4,472.23
2021-01-23,Region_4,383.1
2021-01-24,Region_4,621.14
2021-01-25,Region_4,1073.29
2021-01-26,Region_4,961.82
2021-01-27,Region_4,745.3
2021-01-28,Region_4,793.24
2021-01-29,Region_4,550.16
2021-01-30,Region_4,1059.78
2021-01-31,Region_4,655.37
2021-02-01,Region_4,773.84
2021-02-02,Region_4,1024.36
2021-02-03,Region_4,517.56
2021-02-04,Region_4,747.92
2021-02-05,Region_4,638.85
2021-02-06,Region_4,721.36
2021-02-07,Region_4,709.92
2021-02-08,Region_4,545.39
2021-02-09,Region_4,810.39
2021-02-10,Region_4,1079.91
2021-02-11,Region_4,873.21
2021-02-12,Region_4,1046.51
2021-02-13,Region_4,682.95
2021-02-14,Region_4,983.98
2021-02-15,Region_4,787.22
2021-02-16,Region_4,1067.96
2021-02-17,Region_4,1131.57
2021-02-18,Region_4,660.94
2021-02-19,Region_4,756.14
2021-02-20,Region_4,688.34
2021-02-21,Region_4,880.39
2021-02-22,Region_4,715.95
2021-02-23,Region_4,1068.35
2021-02-24,Region_4,837.56
2021-02-25,Region_4,839.86
2021-02-26,Region_4,505.78
2021-02-27,Region_4,750.77
2021-02-28,Region_4,790.81
2021-03-01,Region_4,780.46
2021-03-02,Region_4,527.87
2021-03-03,Region_4,981.16
2021-03-04,Region_4,677.97
2021-03-05,Region_4,679.0
2021-03-06,Region_4,701.98
2021-03-07,Region_4,957.37
2021-03-08,Region_4,912.6
2021-03-09,Region_4,1016.16
2021-03-10,Region_4,675.24
2021-03-11,Region_4,711.63
2021-03-12,Region_4,1029.19
2021-03-13,Region_4,1092.31
2021-03-14,Region_4,772.73
2021-03-15,Region_4,998.62
2021-03-16,Region_4,904.87
2021-03-17,Region_4,712.78
2021-03-18,Region_4,969.03
2021-03-19,Region_4,753.1
2021-03-20,Region_4,852.03
2021-03-21,Region_4,667.42
2021-03-22,Region_4,1033.81
2021-03-23,Region_4,620.67
2021-03-24,Region_4,825.52
2021-03-25,Region_4,997.16
2021-03-26,Region_4,777.33
2021-03-27,Region_4,948.38
2021-03-28,Region_4,929.43
2021-03-29,Region_4,1121.48
2021-03-30,Region_4,1045.97
2021-03-31,Region_4,736.71
2021-04-01,Region_4,1207.58
2021-04-02,Region_4,1110.02
2021-04-03,Region_4,997.62
2021-04-04,Region_4,1264.64
2021-04-05,Region_4,807.47
2021-04-06,Region_4,687.87
2021-04-07,Region_4,897.58
2021-04-08,Region_4,435.76
2021-04-09,Region_4,914.05
2021-04-10,Region_4,943.89
2021-04-11,Region_4,606.06
2021-04-12,Region_4,1221.33
2021-04-13,Region_4,522.07
2021-04-14,Region_4,988.98
2021-04-15,Region_4,903.67
2021-04-16,Region_4,774.62
2021-04-17,Region_4,1055.62
2021-04-18,Region_4,836.99
2021-04-19,Region_4,758.15
2021-04-20,Region_4,654.36
2021-04-21,Region_4,1143.25
2021-04-22,Region_4,560.5
2021-04-23,Region_4,816.64
2021-04-24,Region_4,1011.62
2021-04-25,Region_4,817.12
2021-04-26,Region_4,1309.54
2021-04-27,Region_4,735.23
2021-04-28,Region_4,755.25
2021-04-29,Region_4,908.46
2021-04-30,Region_4,1190.56
2021-05-01,Region_4,1097.14
2021-05-02,Region_4,564.15
2021-05-03,Region_4,924.8
2021-05-04,Region_4,595.84
2021-05-05,Region_4,1152.9
2021-05-06,Region_4,946.6
2021-05-07,Region_4,755.49
2021-05-08,Region_4,827.75
2021-05-09,Region_4,774.28
2021-05-10,Region_4,1299.03
2021-05-11,Region_4,822.87
2021-05-12,Region_4,568.67
2021-05-13,Region_4,866.17
2021-05-14,Region_4,824.43
2021-05-15,Region_4,952.97
2021-05-16,Region_4,637.33
2021-05-17,Region_4,912.6
2021-05-18,Region_4,724.66
2021-05-19,Region_4,639.55
2021-05-20,Region_4,721.25
2021-05-21,Region_4,613.32
2021-05-22,Region_4,362.06
2021-05-23,Region_4,879.96
2021-05-24,Region_4,684.94
2021-05-25,Region_4,817.37
2021-05-26,Region_4,612.22
2021-05-27,Region_4,680.12
2021-05-28,Region_4,769.45
2021-05-29,Region_4,502.4
2021-05-30,Region_4,742.62
2021-05-31,Region_4,657.11
2021-06-01,Region_4,507.06
2021-06-02,Region_4,822.53
2021-06-03,Region_4,375.11
2021-06-04,Region_4,806.61
2021-06-05,Region_4,685.77
2021-06-06,Region_4,621.65
2021-06-07,Region_4,403.48
2021-06-08,Region_4,530.14
2021-06-09,Region_4,712.23
2021-06-10,Region_4,688.45
2021-06-11,Region_4,585.06
2021-06-12,Region_4,621.28
2021-06-13,Region_4,461.23
2021-06-14,Region_4,348.76
2021-06-15,Region_4,750.69
2021-06-16,Region_4,277.13
2021-06-17,Region_4,578.76
2021-06-18,Region_4,479.79
2021-06-19,Region_4,86.76
2021-06-20,Region_4,485.27
2021-06-21,Region_4,371.39
2021-06-22,Region_4,500.17
2021-06-23,Region_4,447.74
2021-06-24,Region_4,379.12
2021-06-25,Region_4,413.47
2021-06-26,Region_4,436.84
2021-06-27,Region_4,290.61
2021-06-28,Region_4,258.82
2021-06-29,Region_4,316.55
2021-06-30,Region_4,341.66
2021-07-01,Region_4,541.31
2021-07-02,Region_4,372.39
2021-07-03,Region_4,434.61
2021-07-04,Region_4,469.34
2021-07-05,Region_4,299.11
2021-07-06,Region_4,250.31
2021-07-07,Region_4,406.04
2021-07-08,Region_4,307.01
2021-07-09,Region_4,399.18
2021-07-10,Region_4,287.33
2021-07-11,Region_4,207.64
2021-07-12,Region_4,263.86
2021-07-13,Region_4,282.54
2021-07-14,Region_4,370.46
2021-07-15,Region_4,306.31
2021-07-16,Region_4,275.6
2021-07-17,Region_4,227.59
2021-07-18,Region_4,134.16
2021-07-19,Region_4,346.92
2021-07-20,Region_4,212.02
2021-07-21,Region_4,187.13
2021-07-22,Region_4,310.63
2021-07-23,Region_4,213.33
2021-07-24,Region_4,201.83
2021-07-25,Region_4,174.18
2021-07-26,Region_4,137.69
2021-07-27,Region_4,131.24
2021-07-28,Region_4,166.69
2021-07-29,Region_4,135.32
2021-07-30,Region_4,130.86
2021-07-31,Region_4,162.49
2021-08-01,Region_4,142.95
2021-08-02,Region_4,70.54
2021-08-03,Region_4,94.47
2021-08-04,Region_4,191.59
2021-08-05,Region_4,177.73
2021-08-06,Region_4,125.94
2021-08-07,Region_4,98.93
2021-08-08,Region_4,162.78
2021-08-09,Region_4,100.54
2021-08-10,Region_4,101.96
2021-08-11,Region_4,113.78
2021-08-12,Region_4,139.82
2021-08-13,Region_4,143.63
2021-08-14,Region_4,362.22
2021-08-15,Region_4,433.78
2021-08-16,Region_4,273.24
2021-08-17,Region_4,467.68
2021-08-18,Region_4,483.09
2021-08-19,Region_4,296.88
2021-08-20,Region_4,429.64
2021-08-21,Region_4,436.39
2021-08-22,Region_4,356.78
2021-08-23,Region_4,535.82
2021-08-24,Region_4,338.17
2021-08-25,Region_4,325.66
2021-08-26,Region_4,256.89
2021-08-27,Region_4,159.74
2021-08-28,Region_4,188.84
2021-08-29,Region_4,209.53
2021-08-30,Region_4,133.24
2021-08-31,Region_4,199.36
2021-09-01,Region_4,166.01
2021-09-02,Region_4,81.05
2021-09-03,Region_4,6.1
2021-09-04,Region_4,4.19
2021-09-05,Region_4,0.0
2021-09-06,Region_4,40.73
2021-09-07,Region_4,3.88
2021-09-08,Region_4,0.0
2021-09-09,Region_4,0.0
2021-09-10,Region_4,0.0
2021-09-11,Region_4,0.0
2021-09-12,Region_4,0.0
2021-09-13,Region_4,0.0
2021-09-14,Region_4,0.0
2021-09-15,Region_4,0.0
2021-09-16,Region_4,0.0
2021-09-17,Region_4,0.0
2021-09-18,Region_4,0.0
2021-09-19,Region_4,0.0
2021-09-20,Region_4,0.0
2021-09-21,Region_4,0.0
2021-09-22,Region_4,0.0
2021-09-23,Region_4,0.0
2021-09-24,Region_4,0.0
2021-09-25,Region_4,0.0
2021-09-26,Region_4,0.0
2021-09-27,Region_4,0.0
2021-09-28,Region_4,0.0
2021-09-29,Region_4,0.0
2021-09-30,Region_4,12.87
2021-10-01,Region_4,0.0
2021-10-02,Region_4,0.0
2021-10-03,Region_4,0.0
2021-10-04,Region_4,0.0
2021-10-05,Region_4,6.55
2021-10-06,Region_4,0.0
2021-10-07,Region_4,0.0
2021-10-08,Region_4,0.0
2021-10-09,Region_4,13.03
2021-10-10,Region_4,0.0
2021-10-11,Region_4,0.0
2021-10-12,Region_4,0.0
2021-10-13,Region_4,0.0
2021-10-14,Region_4,0.0
2021-10-15,Region_4,0.0
2021-10-16,Region_4,8.12
2021-10-17,Region_4,44.12
2021-10-18,Region_4,49.41
2021-10-19,Region_4,12.82
2021-10-20,Region_4,33.46
2021-10-21,Region_4,18.19
2021-10-22,Region_4,28.55
2021-10-23,Region_4,0.0
2021-10-24,Region_4,0.0
2021-10-25,Region_4,14.97
2021-10-26,Region_4,44.85
2021-10-27,Region_4,0.0
2021-10-28,Region_4,18.6
2021-10-29,Region_4,36.1
2021-10-30,Region_4,66.94
2021-10-31,Region_4,33.11
2021-11-01,Region_4,88.76
2021-11-02,Region_4,101.06
2021-11-03,Region_4,89.52
2021-11-04,Region_4,65.45
2021-11-05,Region_4,97.43
2021-11-06,Region_4,96.41
2021-11-07,Region_4,126.41
2021-11-08,Region_4,98.99
2021-11-09,Region_4,144.59
2021-11-10,Region_4,103.82
2021-11-11,Region_4,89.68
2021-11-12,Region_4,122.37
2021-11-13,Region_4,198.46
2021-11-14,Region_4,288.2
2021-11-15,Region_4,174.92
2021-11-16,Region_4,186.31
2021-11-17,Region_4,252.79
2021-11-18,Region_4,248.51
2021-11-19,Region_4,277.33
2021-11-20,Region_4,283.14
2021-11-21,Region_4,252.07
2021-11-22,Region_4,191.77
2021-11-23,Region_4,307.25
2021-11-24,Region_4,222.33
2021-11-25,Region_4,202.36
2021-11-26,Region_4,173.83
2021-11-27,Region_4,227.77
2021-11-28,Region_4,383.09
2021-11-29,Region_4,154.46
2021-11-30,Region_4,173.24
2021-12-01,Region_4,243.59
2021-12-02,Region_4,283.18
2021-12-03,Region_4,310.94
2021-12-04,Region_4,315.87
2021-12-05,Region_4,211.06
2021-12-06,Region_4,551.91
2021-12-07,Region_4,235.73
2021-12-08,Region_4,339.16
2021-12-09,Region_4,389.86
2021-12-10,Region_4,456.38
2021-12-11,Region_4,343.37
2021-12-12,Region_4,541.52
2021-12-13,Region_4,395.22
2021-12-14,Region_4,318.63
2021-12-15,Region_4,296.24
2021-12-16,Region_4,359.61
2021-12-17,Region_4,380.82
2021-12-18,Region_4,398.39
2021-12-19,Region_4,305.91
2021-12-20,Region_4,425.17
2021-12-21,Region_4,649.95
2021-12-22,Region_4,435.59
2021-12-23,Region_4,689.25
2019-12-25,Region_5,27.5
2019-12-26,Region_5,136.76
2019-12-27,Region_5,78.79
2019-12-28,Region_5,133.05
2019-12-29,Region_5,86.78
2019-12-30,Region_5,129.09
2019-12-31,Region_5,100.87
2020-01-01,Region_5,147.55
2020-01-02,Region_5,257.11
2020-01-03,Region_5,270.9
2020-01-04,Region_5,237.89
2020-01-05,Region_5,156.09
2020-01-06,Region_5,211.23
2020-01-07,Region_5,189.67
2020-01-08,Region_5,191.83
2020-01-09,Region_5,181.76
2020-01-10,Region_5,204.42
2020-01-11,Region_5,266.98
2020-01-12,Region_5,49.21
2020-01-13,Region_5,287.35
2020-01-14,Region_5,367.89
2020-01-15,Region_5,205.05
2020-01-16,Region_5,245.23
2020-01-17,Region_5,266.89
2020-01-18,Region_5,249.32
2020-01-19,Region_5,380.08
2020-01-20,Region_5,298.41
2020-01-21,Region_5,344.51
2020-01-22,Region_5,273.68
2020-01-23,Region_5,270.59
2020-01-24,Region_5,327.63
2020-01-25,Region_5,417.8
2020-01-26,Region_5,203.16
2020-01-27,Region_5,228.09
2020-01-28,Region_5,241.77
2020-01-29,Region_5,299.44
2020-01-30,Region_5,254.0
2020-01-31,Region_5,350.91
2020-02-01,Region_5,264.61
2020-02-02,Region_5,345.06
2020-02-03,Region_5,246.38
2020-02-04,Region_5,468.12
2020-02-05,Region_5,532.81
2020-02-06,Region_5,457.28
2020-02-07,Region_5,256.82
2020-02-08,Region_5,365.69
2020-02-09,Region_5,360.79
2020-02-10,Region_5,418.97
2020-02-11,Region_5,321.23
2020-02-12,Region_5,553.21
2020-02-13,Region_5,451.31
2020-02-14,Region_5,227.39
2020-02-15,Region_5,574.55
2020-02-16,Region_5,331.67
2020-02-17,Region_5,377.14
2020-02-18,Region_5,292.8
2020-02-19,Region_5,362.99
2020-02-20,Region_5,396.88
2020-02-21,Region_5,229.15
2020-02-22,Region_5,501.98
2020-02-23,Region_5,448.7
2020-02-24,Region_5,597.43
2020-02-25,Region_5,327.83
2020-02-26,Region_5,664.82
2020-02-27,Region_5,535.87
2020-02-28,Region_5,722.4
2020-02-29,Region_5,547.78
2020-03-01,Region_5,566.91
2020-03-02,Region_5,314.77
2020-03-03,Region_5,543.85
2020-03-04,Region_5,629.18
2020-03-05,Region_5,364.7
2020-03-06,Region_5,538.78
2020-03-07,Region_5,371.27
2020-03-08,Region_5,530.68
2020-03-09,Region_5,501.81
2020-03-10,Region_5,590.55
2020-03-11,Region_5,555.42
2020-03-12,Region_5,358.84
2020-03-13,Region_5,568.94
2020-03-14,Region_5,813.43
2020-03-15,Region_5,407.89
2020-03-16,Region_5,465.63
2020-03-17,Region_5,520.28
2020-03-18,Region_5,675.12
2020-03-19,Region_5,407.62
2020-03-20,Region_5,619.89
2020-03-21,Region_5,444.69
2020-03-22,Region_5,521.99
2020-03-23,Region_5,583.19
2020-03-24,Region_5,356.24
2020-03-25,Region_5,409.35
2020-03-26,Region_5,692.46
2020-03-27,Region_5,584.14
2020-03-28,Region_5,524.56
2020-03-29,Region_5,349.92
2020-03-30,Region_5,460.56
2020-03-31,Region_5,593.94
2020-04-01,Region_5,697.14
2020-04-02,Region_5,461.86
2020-04-03,Region_5,585.3
2020-04-04,Region_5,616.08
2020-04-05,Region_5,426.89
2020-04-06,Region_5,485.08
2020-04-07,Region_5,325.67
2020-04-08,Region_5,542.0
2020-04-09,Region_5,530.83
2020-04-10,Region_5,542.4
2020-04-11,Region_5,548.64
2020-04-12,Region_5,383.45
2020-04-13,Region_5,397.34
2020-04-14,Region_5,401.81
2020-04-15,Region_5,323.96
2020-04-16,Region_5,425.14
2020-04-17,Region_5,467.84
2020-04-18,Region_5,663.37
2020-04-19,Region_5,601.24
2020-04-20,Region_5,558.32
2020-04-21,Region_5,450.08
2020-04-22,Region_5,564.3
2020-04-23,Region_5,728.58
2020-04-24,Region_5,481.39
2020-04-25,Region_5,455.84
2020-04-26,Region_5,770.85
2020-04-27,Region_5,543.67
2020-04-28,Region_5,338.27
2020-04-29,Region_5,639.5
2020-04-30,Region_5,469.15
2020-05-01,Region_5,309.76
2020-05-02,Region_5,551.53
2020-05-03,Region_5,514.43
2020-05-04,Region_5,524.69
2020-05-05,Region_5,374.33
2020-05-06,Region_5,295.32
2020-05-07,Region_5,605.13
2020-05-08,Region_5,455.22
2020-05-09,Region_5,370.25
2020-05-10,Region_5,485.51
2020-05-11,Region_5,566.57
2020-05-12,Region_5,552.76
2020-05-13,Region_5,475.25
2020-05-14,Region_5,492.99
2020-05-15,Region_5,340.56
2020-05-16,Region_5,385.28
2020-05-17,Region_5,392.19
2020-05-18,Region_5,353.09
2020-05-19,Region_5,538.94
2020-05-20,Region_5,514.6
2020-05-21,Region_5,414.99
2020-05-22,Region_5,460.02
2020-05-23,Region_5,289.43
2020-05-24,Region_5,375.86
2020-05-25,Region_5,295.28
2020-05-26,Region_5,190.48
2020-05-27,Region_5,279.74
2020-05-28,Region_5,417.35
2020-05-29,Region_5,414.23
2020-05-30,Region_5,384.05
2020-05-31,Region_5,359.38
2020-06-01,Region_5,341.21
2020-06-02,Region_5,343.81
2020-06-03,Region_5,361.25
2020-06-04,Region_5,360.57
2020-06-05,Region_5,434.38
2020-06-06,Region_5,280.95
2020-06-07,Region_5,386.33
2020-06-08,Region_5,242.65
2020-06-09,Region_5,370.46
2020-06-10,Region_5,240.73
2020-06-11,Region_5,379.58
2020-06-12,Region_5,263.52
2020-06-13,Region_5,475.13
2020-06-14,Region_5,230.34
2020-06-15,Region_5,326.04
2020-06-16,Region_5,403.73
2020-06-17,Region_5,233.26
2020-06-18,Region_5,239.36
2020-06-19,Region_5,141.4
2020-06-20,Region_5,220.84
2020-06-21,Region_5,393.89
2020-06-22,Region_5,285.58
2020-06-23,Region_5,228.77
2020-06-24,Region_5,209.0
2020-06-25,Region_5,161.14
2020-06-26,Region_5,626.56
2020-06-27,Region_5,843.13
2020-06-28,Region_5,788.43
2020-06-29,Region_5,520.52
2020-06-30,Region_5,974.32
2020-07-01,Region_5,741.43
2020-07-02,Region_5,593.96
2020-07-03,Region_5,682.7
2020-07-04,Region_5,532.19
2020-07-05,Region_5,350.75
2020-07-06,Region_5,401.07
2020-07-07,Region_5,385.53
2020-07-08,Region_5,388.28
2020-07-09,Region_5,139.11
2020-07-10,Region_5,117.06
2020-07-11,Region_5,130.93
2020-07-12,Region_5,153.28
2020-07-13,Region_5,167.2
2020-07-14,Region_5,178.24
2020-07-15,Region_5,119.35
2020-07-16,Region_5,82.15
2020-07-17,Region_5,263.78
2020-07-18,Region_5,125.22
2020-07-19,Region_5,177.02
2020-07-20,Region_5,39.19
2020-07-21,Region_5,112.25
2020-07-22,Region_5,76.46
2020-07-23,Region_5,75.64
2020-07-24,Region_5,84.58
2020-07-25,Region_5,58.33
2020-07-26,Region_5,41.18
2020-07-27,Region_5,47.54
2020-07-28,Region_5,69.94
2020-07-29,Region_5,50.84
2020-07-30,Region_5,48.81
2020-07-31,Region_5,102.44
2020-08-01,Region_5,46.39
2020-08-02,Region_5,38.49
2020-08-03,Region_5,53.14
2020-08-04,Region_5,0.0
2020-08-05,Region_5,74.68
2020-08-06,Region_5,22.86
2020-08-07,Region_5,85.2
2020-08-08,Region_5,59.07
2020-08-09,Region_5,0.0
2020-08-10,Region_5,0.0
2020-08-11,Region_5,0.0
2020-08-12,Region_5,0.0
2020-08-13,Region_5,13.88
2020-08-14,Region_5,30.96
2020-08-15,Region_5,0.0
2020-08-16,Region_5,33.68
2020-08-17,Region_5,6.22
2020-08-18,Region_5,0.0
2020-08-19,Region_5,0.0
2020-08-20,Region_5,0.0
2020-08-21,Region_5,0.0
2020-08-22,Region_5,19.9
2020-08-23,Region_5,0.0
2020-08-24,Region_5,0.0
2020-08-25,Region_5,16.38
2020-08-26,Region_5,0.0
2020-08-27,Region_5,0.0
2020-08-28,Region_5,0.0
2020-08-29,Region_5,0.0
2020-08-30,Region_5,0.0
2020-08-31,Region_5,0.0
2020-09-01,Region_5,0.0
2020-09-02,Region_5,0.0
2020-09-03,Region_5,0.0
2020-09-04,Region_5,14.35
2020-09-05,Region_5,0.0
2020-09-06,Region_5,0.0
2020-09-07,Region_5,0.0
2020-09-08,Region_5,0.0
2020-09-09,Region_5,0.0
2020-09-10,Region_5,0.0
2020-09-11,Region_5,0.0
2020-09-12,Region_5,0.0
2020-09-13,Region_5,0.0
2020-09-14,Region_5,0.0
2020-09-15,Region_5,0.0
2020-09-16,Region_5,0.0
2020-09-17,Region_5,0.0
2020-09-18,Region_5,0.0
2020-09-19,Region_5,0.0
2020-09-20,Region_5,0.0
2020-09-21,Region_5,0.0
2020-09-22,Region_5,0.0
2020-09-23,Region_5,0.0
2020-09-24,Region_5,0.0
2020-09-25,Region_5,0.0
2020-09-26,Region_5,0.0
2020-09-27,Region_5,0.0
2020-09-28,Region_5,0.0
2020-09-29,Region_5,0.0
2020-09-30,Region_5,0.0
2020-10-01,Region_5,0.0
2020-10-02,Region_5,0.0
2020-10-03,Region_5,0.0
2020-10-04,Region_5,0.0
2020-10-05,Region_5,0.0
2020-10-06,Region_5,0.0
2020-10-07,Region_5,0.0
2020-10-08,Region_5,0.0
2020-10-09,Region_5,0.0
2020-10-10,Region_5,0.0
2020-10-11,Region_5,0.0
2020-10-12,Region_5,0.0
2020-10-13,Region_5,7.08
2020-10-14,Region_5,0.0
2020-10-15,Region_5,0.0
2020-10-16,Region_5,0.0
2020-10-17,Region_5,0.0
2020-10-18,Region_5,13.99
2020-10-19,Region_5,16.77
2020-10-20,Region_5,41.31
2020-10-21,Region_5,13.85
2020-10-22,Region_5,28.43
2020-10-23,Region_5,19.32
2020-10-24,Region_5,0.0
2020-10-25,Region_5,50.49
2020-10-26,Region_5,12.58
2020-10-27,Region_5,0.0
2020-10-28,Region_5,0.0
2020-10-29,Region_5,40.32
2020-10-30,Region_5,4.65
2020-10-31,Region_5,73.11
2020-11-01,Region_5,98.79
2020-11-02,Region_5,80.45
2020-11-03,Region_5,45.38
2020-11-04,Region_5,62.88
2020-11-05,Region_5,159.52
2020-11-06,Region_5,78.86
2020-11-07,Region_5,87.63
2020-11-08,Region_5,127.02
2020-11-09,Region_5,86.54
2020-11-10,Region_5,139.11
2020-11-11,Region_5,151.4
2020-11-12,Region_5,83.17
2020-11-13,Region_5,33.24
2020-11-14,Region_5,140.65
2020-11-15,Region_5,62.58
2020-11-16,Region_5,90.3
2020-11-17,Region_5,77.32
2020-11-18,Region_5,186.02
2020-11-19,Region_5,94.7
2020-11-20,Region_5,175.73
2020-11-21,Region_5,132.74
2020-11-22,Region_5,133.3
2020-11-23,Region_5,226.31
2020-11-24,Region_5,140.51
2020-11-25,Region_5,216.86
2020-11-26,Region_5,199.17
2020-11-27,Region_5,356.74
2020-11-28,Region_5,327.97
2020-11-29,Region_5,548.53
2020-11-30,Region_5,661.16
2020-12-01,Region_5,548.55
2020-12-02,Region_5,545.36
2020-12-03,Region_5,1055.79
2020-12-04,Region_5,628.08
2020-12-05,Region_5,605.9
2020-12-06,Region_5,777.0
2020-12-07,Region_5,716.65
2020-12-08,Region_5,403.51
2020-12-09,Region_5,438.83
2020-12-10,Region_5,375.46
2020-12-11,Region_5,306.19
2020-12-12,Region_5,370.92
2020-12-13,Region_5,283.32
2020-12-14,Region_5,273.76
2020-12-15,Region_5,403.2
2020-12-16,Region_5,324.55
2020-12-17,Region_5,381.43
2020-12-18,Region_5,175.44
2020-12-19,Region_5,318.61
2020-12-20,Region_5,435.66
2020-12-21,Region_5,418.87
2020-12-22,Region_5,266.35
2020-12-23,Region_5,377.26
2020-12-24,Region_5,409.77
2020-12-25,Region_5,342.72
2020-12-26,Region_5,315.36
2020-12-27,Region_5,524.88
2020-12-28,Region_5,351.85
2020-12-29,Region_5,363.64
2020-12-30,Region_5,318.35
2020-12-31,Region_5,367.75
2021-01-01,Region_5,496.54
2021-01-02,Region_5,289.7
2021-01-03,Region_5,384.77
2021-01-04,Region_5,387.78
2021-01-05,Region_5,480.85
2021-01-06,Region_5,526.62
2021-01-07,Region_5,436.74
2021-01-08,Region_5,494.88
2021-01-09,Region_5,666.09
2021-01-10,Region_5,668.32
2021-01-11,Region_5,403.69
2021-01-12,Region_5,505.57
2021-01-13,Region_5,525.74
2021-01-14,Region_5,591.65
2021-01-15,Region_5,365.38
2021-01-16,Region_5,537.4
2021-01-17,Region_5,510.69
2021-01-18,Region_5,764.19
2021-01-19,Region_5,418.25
2021-01-20,Region_5,442.09
2021-01-21,Region_5,535.63
2021-01-22,Region_5,436.04
2021-01-23,Region_5,571.24
2021-01-24,Region_5,737.17
2021-01-25,Region_5,696.62
2021-01-26,Region_5,552.56
2021-01-27,Region_5,489.93
2021-01-28,Region_5,669.81
2021-01-29,Region_5,466.45
2021-01-30,Region_5,637.65
2021-01-31,Region_5,591.78
2021-02-01,Region_5,511.27
2021-02-02,Region_5,510.66
2021-02-03,Region_5,559.71
2021-02-04,Region_5,647.13
2021-02-05,Region_5,674.69
2021-02-06,Region_5,564.07
2021-02-07,Region_5,506.35
2021-02-08,Region_5,583.26
2021-02-09,Region_5,905.29
2021-02-10,Region_5,591.68
2021-02-11,Region_5,647.27
2021-02-12,Region_5,760.22
2021-02-13,Region_5,860.56
2021-02-14,Region_5,766.11
2021-02-15,Region_5,522.94
2021-02-16,Region_5,572.62
2021-02-17,Region_5,485.22
2021-02-18,Region_5,580.95
2021-02-19,Region_5,1003.4
2021-02-20,Region_5,895.41
2021-02-21,Region_5,541.76
2021-02-22,Region_5,942.03
2021-02-23,Region_5,537.16
2021-02-24,Region_5,934.81
2021-02-25,Region_5,727.3
2021-02-26,Region_5,775.31
2021-02-27,Region_5,727.66
2021-02-28,Region_5,834.99
2021-03-01,Region_5,518.99
2021-03-02,Region_5,909.79
2021-03-03,Region_5,666.42
2021-03-04,Region_5,910.11
2021-03-05,Region_5,506.03
2021-03-06,Region_5,910.87
2021-03-07,Region_5,877.24
2021-03-08,Region_5,848.13
2021-03-09,Region_5,270.36
2021-03-10,Region_5,956.72
2021-03-11,Region_5,720.35
2021-03-12,Region_5,887.27
2021-03-13,Region_5,767.44
2021-03-14,Region_5,790.36
2021-03-15,Region_5,839.59
2021-03-16,Region_5,971.14
2021-03-17,Region_5,1166.13
2021-03-18,Region_5,784.8
2021-03-19,Region_5,761.41
2021-03-20,Region_5,857.96
2021-03-21,Region_5,754.01
2021-03-22,Region_5,759.7
2021-03-23,Region_5,790.32
2021-03-24,Region_5,1140.1
2021-03-25,Region_5,898.33
2021-03-26,Region_5,742.43
2021-03-27,Region_5,1235.33
2021-03-28,Region_5,813.75
2021-03-29,Region_5,574.54
2021-03-30,Region_5,876.72
2021-03-31,Region_5,996.41
2021-04-01,Region_5,774.34
2021-04-02,Region_5,743.79
2021-04-03,Region_5,1044.0
2021-04-04,Region_5,920.11
2021-04-05,Region_5,888.6
2021-04-06,Region_5,648.85
2021-04-07,Region_5,912.95
2021-04-08,Region_5,824.29
2021-04-09,Region_5,857.67
2021-04-10,Region_5,993.07
2021-04-11,Region_5,743.87
2021-04-12,Region_5,1039.19
2021-04-13,Region_5,1029.91
2021-04-14,Region_5,516.05
2021-04-15,Region_5,864.99
2021-04-16,Region_5,924.97
2021-04-17,Region_5,789.18
2021-04-18,Region_5,888.61
2021-04-19,Region_5,452.19
2021-04-20,Region_5,852.21
2021-04-21,Region_5,950.96
2021-04-22,Region_5,515.29
2021-04-23,Region_5,503.33
2021-04-24,Region_5,761.16
2021-04-25,Region_5,988.43
2021-04-26,Region_5,557.43
2021-04-27,Region_5,752.2
2021-04-28,Region_5,782.02
2021-04-29,Region_5,1113.82
2021-04-30,Region_5,677.41
2021-05-01,Region_5,1005.64
2021-05-02,Region_5,657.52
2021-05-03,Region_5,1019.47
2021-05-04,Region_5,776.61
2021-05-05,Region_5,903.81
2021-05-06,Region_5,826.83
2021-05-07,Region_5,745.98
2021-05-08,Region_5,740.04
2021-05-09,Region_5,699.35
2021-05-10,Region_5,1112.95
2021-05-11,Region_5,857.52
2021-05-12,Region_5,397.16
2021-05-13,Region_5,743.03
2021-05-14,Region_5,404.55
2021-05-15,Region_5,625.8
2021-05-16,Region_5,1034.09
2021-05-17,Region_5,749.11
2021-05-18,Region_5,1037.58
2021-05-19,Region_5,1294.07
2021-05-20,Region_5,520.08
2021-05-21,Region_5,1012.8
2021-05-22,Region_5,587.36
2021-05-23,Region_5,610.51
2021-05-24,Region_5,734.46
2021-05-25,Region_5,553.53
2021-05-26,Region_5,841.07
2021-05-27,Region_5,686.1
2021-05-28,Region_5,641.69
2021-05-29,Region_5,566.74
2021-05-30,Region_5,718.32
2021-05-31,Region_5,478.3
2021-06-01,Region_5,686.51
2021-06-02,Region_5,704.06
2021-06-03,Region_5,654.45
2021-06-04,Region_5,870.25
2021-06-05,Region_5,329.54
2021-06-06,Region_5,685.84
2021-06-07,Region_5,675.78
2021-06-08,Region_5,453.61
2021-06-09,Region_5,499.51
2021-06-10,Region_5,680.78
2021-06-11,Region_5,628.38
2021-06-12,Region_5,389.41
2021-06-13,Region_5,542.35
2021-06-14,Region_5,461.19
2021-06-15,Region_5,792.41
2021-06-16,Region_5,384.91
2021-06-17,Region_5,792.02
2021-06-18,Region_5,581.68
2021-06-19,Region_5,604.34
2021-06-20,Region_5,580.91
2021-06-21,Region_5,589.96
2021-06-22,Region_5,428.65
2021-06-23,Region_5,336.97
2021-06-24,Region_5,607.47
2021-06-25,Region_5,414.67
2021-06-26,Region_5,505.56
2021-06-27,Region_5,461.79
2021-06-28,Region_5,743.36
2021-06-29,Region_5,447.7
2021-06-30,Region_5,343.33
2021-07-01,Region_5,427.99
2021-07-02,Region_5,564.69
2021-07-03,Region_5,685.4
2021-07-04,Region_5,668.61
2021-07-05,Region_5,389.12
2021-07-06,Region_5,363.08
2021-07-07,Region_5,549.22
2021-07-08,Region_5,412.41
2021-07-09,Region_5,438.92
2021-07-10,Region_5,513.16
2021-07-11,Region_5,461.62
2021-07-12,Region_5,380.27
2021-07-13,Region_5,466.13
2021-07-14,Region_5,412.04
2021-07-15,Region_5,367.48
2021-07-16,Region_5,403.4
2021-07-17,Region_5,396.82
2021-07-18,Region_5,246.35
2021-07-19,Region_5,311.0
2021-07-20,Region_5,336.43
2021-07-21,Region_5,219.81
2021-07-22,Region_5,319.03
2021-07-23,Region_5,140.68
2021-07-24,Region_5,321.63
2021-07-25,Region_5,352.48
2021-07-26,Region_5,276.35
2021-07-27,Region_5,485.32
2021-07-28,Region_5,199.72
2021-07-29,Region_5,545.25
2021-07-30,Region_5,150.2
2021-07-31,Region_5,376.13
2021-08-01,Region_5,329.17
2021-08-02,Region_5,389.55
2021-08-03,Region_5,247.4
2021-08-04,Region_5,401.65
2021-08-05,Region_5,176.74
2021-08-06,Region_5,214.07
2021-08-07,Region_5,390.28
2021-08-08,Region_5,287.66
2021-08-09,Region_5,234.14
2021-08-10,Region_5,259.89
2021-08-11,Region_5,223.5
2021-08-12,Region_5,171.08
2021-08-13,Region_5,285.48
2021-08-14,Region_5,199.39
2021-08-15,Region_5,226.12
2021-08-16,Region_5,234.79
2021-08-17,Region_5,275.07
2021-08-18,Region_5,322.77
2021-08-19,Region_5,190.22
2021-08-20,Region_5,188.59
2021-08-21,Region_5,268.67
2021-08-22,Region_5,263.1
2021-08-23,Region_5,179.51
2021-08-24,Region_5,182.11
2021-08-25,Region_5,179.39
2021-08-26,Region_5,205.83
2021-08-27,Region_5,171.77
2021-08-28,Region_5,158.37
2021-08-29,Region_5,198.61
2021-08-30,Region_5,273.34
2021-08-31,Region_5,290.08
2021-09-01,Region_5,310.85
2021-09-02,Region_5,387.27
2021-09-03,Region_5,247.89
2021-09-04,Region_5,349.58
2021-09-05,Region_5,209.87
2021-09-06,Region_5,185.96
2021-09-07,Region_5,207.62
2021-09-08,Region_5,257.76
2021-09-09,Region_5,266.26
2021-09-10,Region_5,204.52
2021-09-11,Region_5,241.02
2021-09-12,Region_5,204.61
2021-09-13,Region_5,151.93
2021-09-14,Region_5,204.49
2021-09-15,Region_5,165.16
2021-09-16,Region_5,217.81
2021-09-17,Region_5,274.4
2021-09-18,Region_5,267.01
2021-09-19,Region_5,241.55
2021-09-20,Region_5,264.07
2021-09-21,Region_5,237.89
2021-09-22,Region_5,207.42
2021-09-23,Region_5,169.01
2021-09-24,Region_5,181.31
2021-09-25,Region_5,302.24
2021-09-26,Region_5,270.97
2021-09-27,Region_5,216.3
2021-09-28,Region_5,304.25
2021-09-29,Region_5,261.16
2021-09-30,Region_5,310.98
2021-10-01,Region_5,245.08
2021-10-02,Region_5,247.99
2021-10-03,Region_5,143.36
2021-10-04,Region_5,246.91
2021-10-05,Region_5,278.19
2021-10-06,Region_5,189.85
2021-10-07,Region_5,294.88
2021-10-08,Region_5,292.67
2021-10-09,Region_5,166.77
2021-10-10,Region_5,255.88
2021-10-11,Region_5,407.57
2021-10-12,Region_5,166.6
2021-10-13,Region_5,251.2
2021-10-14,Region_5,239.04
2021-10-15,Region_5,319.71
2021-10-16,Region_5,227.28
2021-10-17,Region_5,202.87
2021-10-18,Region_5,197.51
2021-10-19,Region_5,222.84
2021-10-20,Region_5,276.07
2021-10-21,Region_5,242.14
2021-10-22,Region_5,253.34
2021-10-23,Region_5,314.51
2021-10-24,Region_5,164.51
2021-10-25,Region_5,302.13
2021-10-26,Region_5,257.27
2021-10-27,Region_5,276.27
2021-10-28,Region_5,264.56
2021-10-29,Region_5,402.8
2021-10-30,Region_5,224.0
2021-10-31,Region_5,180.73
2021-11-01,Region_5,254.52
2021-11-02,Region_5,207.15
2021-11-03,Region_5,415.59
2021-11-04,Region_5,360.08
2021-11-05,Region_5,765.4
2021-11-06,Region_5,269.11
2021-11-07,Region_5,529.33
2021-11-08,Region_5,950.51
2021-11-09,Region_5,486.71
2021-11-10,Region_5,525.24
2021-11-11,Region_5,534.89
2021-11-12,Region_5,580.99
2021-11-13,Region_5,660.47
2021-11-14,Region_5,579.15
2021-11-15,Region_5,624.86
2021-11-16,Region_5,584.11
2021-11-17,Region_5,661.68
2021-11-18,Region_5,444.88
2021-11-19,Region_5,550.82
2021-11-20,Region_5,573.31
2021-11-21,Region_5,332.51
2021-11-22,Region_5,400.41
2021-11-23,Region_5,422.59
2021-11-24,Region_5,436.14
2021-11-25,Region_5,622.29
2021-11-26,Region_5,398.32
2021-11-27,Region_5,253.64
2021-11-28,Region_5,363.43
2021-11-29,Region_5,596.2
2021-11-30,Region_5,779.12
2021-12-01,Region_5,185.2
2021-12-02,Region_5,314.17
2021-12-03,Region_5,872.15
2021-12-04,Region_5,573.03
2021-12-05,Region_5,615.77
2021-12-06,Region_5,467.25
2021-12-07,Region_5,688.1
2021-12-08,Region_5,584.21
2021-12-09,Region_5,545.68
2021-12-10,Region_5,669.39
2021-12-11,Region_5,468.32
2021-12-12,Region_5,630.19
2021-12-13,Region_5,486.19
2021-12-14,Region_5,530.14
2021-12-15,Region_5,420.71
2021-12-16,Region_5,579.21
2021-12-17,Region_5,435.98
2021-12-18,Region_5,542.56
2021-12-19,Region_5,535.96
2021-12-20,Region_5,613.84
2021-12-21,Region_5,597.49
2021-12-22,Region_5,733.08
2021-12-23,Region_5,718.59
